run_accession	study_accession	study_title	experiment_accession	experiment_title	experiment_desc	organism_taxid	organism_name	library_name	library_strategy	library_source	library_selection	library_layout	sample_accession	sample_title	biosample	bioproject	instrument	instrument_model	instrument_model_desc	total_spots	total_size	run_total_spots	run_total_bases	run_alias	public_filename	public_url	public_size	public_date	public_md5	public_version	public_semantic_name	public_supertype	public_sratoolkit	ncbi_url	ncbi_free_egress	ncbi_access_type	aws_url	aws_free_egress	aws_access_type	gcp_url	gcp_free_egress	gcp_access_type	experiment_alias	source_name	cell line	cell type	ena_fastq_http	ena_fastq_http_1	ena_fastq_http_2	ena_fastq_ftp	ena_fastq_ftp_1	ena_fastq_ftp_2
SRR2532315	SRP064259	The Functional Genomic Landscape of Human Breast Cancer Drivers, Vulnerabilities, and Resistance (RNASeq)	SRX1293288	GSM1897275: 184A1; Homo sapiens; RNA-Seq	GSM1897275: 184A1; Homo sapiens; RNA-Seq	9606	Homo sapiens		RNA-Seq	TRANSCRIPTOMIC	cDNA	PAIRED	SRS1094704		SAMN04122214	PRJNA297219	Illumina HiSeq 2000	Illumina HiSeq 2000	ILLUMINA	28135800	2039152553	28135800	2869851600	GSM1897275_r1	184A1_5_ATTCAG_L001_R1.fastq.gz	https://sra-pub-run-odp.s3.amazonaws.com/sra/SRR2532315/SRR2532315	1378342396	2020-04-21 10:39:43	9ba6319bb644dd1f90f38992641e1345	1	fastq	Original	0	https://sra-downloadb.be-md.ncbi.nlm.nih.gov/sos5/sra-pub-zq-11/SRR002/532/SRR2532315/SRR2532315.sralite.1	worldwide	anonymous	s3://sra-pub-src-4/SRR2532315/184A1_5_ATTCAG_L001_R1.fastq.gz	-	Use Cloud Data Delivery	gs://sra-pub-zq-1/SRR2532315/SRR2532315.zq.1	gs.US	gcp identity	GSM1897275	breast cancer cell line	184A1	breast cancer cell line						
SRR2532316	SRP064259	The Functional Genomic Landscape of Human Breast Cancer Drivers, Vulnerabilities, and Resistance (RNASeq)	SRX1293289	GSM1897276: 184B5; Homo sapiens; RNA-Seq	GSM1897276: 184B5; Homo sapiens; RNA-Seq	9606	Homo sapiens		RNA-Seq	TRANSCRIPTOMIC	cDNA	PAIRED	SRS1094705		SAMN04122215	PRJNA297219	Illumina HiSeq 2000	Illumina HiSeq 2000	ILLUMINA	41217242	2950206508	41217242	4204158684	GSM1897276_r1	SRR2532316.sralite	https://sra-downloadb.be-md.ncbi.nlm.nih.gov/sos5/sra-pub-zq-11/SRR002/532/SRR2532316/SRR2532316.sralite.1	1135449654	2020-06-22 11:42:12	ad3a2822259923188a36af8293d96418	1	SRA Lite	Primary ETL	1	https://sra-downloadb.be-md.ncbi.nlm.nih.gov/sos5/sra-pub-zq-11/SRR002/532/SRR2532316/SRR2532316.sralite.1	worldwide	anonymous	s3://sra-pub-zq-2/SRR2532316/SRR2532316.sralite.1	s3.us-east-1	aws identity	gs://sra-pub-zq-1/SRR2532316/SRR2532316.zq.1	gs.US	gcp identity	GSM1897276	breast cancer cell line	184B5	breast cancer cell line						
SRR2532317	SRP064259	The Functional Genomic Landscape of Human Breast Cancer Drivers, Vulnerabilities, and Resistance (RNASeq)	SRX1293290	GSM1897277: 600MPE; Homo sapiens; RNA-Seq	GSM1897277: 600MPE; Homo sapiens; RNA-Seq	9606	Homo sapiens		RNA-Seq	TRANSCRIPTOMIC	cDNA	PAIRED	SRS1094702		SAMN04122216	PRJNA297219	Illumina HiSeq 2000	Illumina HiSeq 2000	ILLUMINA	38017848	2787557469	38017848	3877820496	GSM1897277_r1	SRR2532317.sralite	https://sra-downloadb.be-md.ncbi.nlm.nih.gov/sos5/sra-pub-zq-11/SRR002/532/SRR2532317/SRR2532317.sralite.1	1048239580	2020-06-22 11:45:01	0643a1e1897b1981736148b38bfaba4a	1	SRA Lite	Primary ETL	1	https://sra-downloadb.be-md.ncbi.nlm.nih.gov/sos5/sra-pub-zq-11/SRR002/532/SRR2532317/SRR2532317.sralite.1	worldwide	anonymous	s3://sra-pub-zq-2/SRR2532317/SRR2532317.sralite.1	s3.us-east-1	aws identity	gs://sra-pub-zq-1/SRR2532317/SRR2532317.zq.1	gs.US	gcp identity	GSM1897277	breast cancer cell line	600MPE	breast cancer cell line						
SRR2532318	SRP064259	The Functional Genomic Landscape of Human Breast Cancer Drivers, Vulnerabilities, and Resistance (RNASeq)	SRX1293291	GSM1897278: AU565; Homo sapiens; RNA-Seq	GSM1897278: AU565; Homo sapiens; RNA-Seq	9606	Homo sapiens		RNA-Seq	TRANSCRIPTOMIC	cDNA	PAIRED	SRS1094703		SAMN04122157	PRJNA297219	Illumina HiSeq 2000	Illumina HiSeq 2000	ILLUMINA	47751786	3510369329	47751786	4870682172	GSM1897278_r1	SRR2532318.sralite	https://sra-downloadb.be-md.ncbi.nlm.nih.gov/sos5/sra-pub-zq-11/SRR002/532/SRR2532318/SRR2532318.sralite.1	1313347274	2020-06-13 10:39:18	bdea5b3a435d5e3d5afa1f21cd43c932	1	SRA Lite	Primary ETL	1	https://sra-downloadb.be-md.ncbi.nlm.nih.gov/sos5/sra-pub-zq-11/SRR002/532/SRR2532318/SRR2532318.sralite.1	worldwide	anonymous	s3://sra-pub-zq-2/SRR2532318/SRR2532318.sralite.1	s3.us-east-1	aws identity	gs://sra-pub-zq-1/SRR2532318/SRR2532318.zq.1	gs.US	gcp identity	GSM1897278	breast cancer cell line	AU565	breast cancer cell line						
SRR2532319	SRP064259	The Functional Genomic Landscape of Human Breast Cancer Drivers, Vulnerabilities, and Resistance (RNASeq)	SRX1293292	GSM1897279: BT20; Homo sapiens; RNA-Seq	GSM1897279: BT20; Homo sapiens; RNA-Seq	9606	Homo sapiens		RNA-Seq	TRANSCRIPTOMIC	cDNA	PAIRED	SRS1094701		SAMN04122158	PRJNA297219	Illumina HiSeq 2000	Illumina HiSeq 2000	ILLUMINA	18415906	1332343969	18415906	1878422412	GSM1897279_r1	SRR2532319.sralite	https://sra-downloadb.be-md.ncbi.nlm.nih.gov/sos5/sra-pub-zq-11/SRR002/532/SRR2532319/SRR2532319.sralite.1	511423722	2020-06-21 11:16:28	320dbc1be18cffd211dd1a5d12aa2479	1	SRA Lite	Primary ETL	1	https://sra-downloadb.be-md.ncbi.nlm.nih.gov/sos5/sra-pub-zq-11/SRR002/532/SRR2532319/SRR2532319.sralite.1	worldwide	anonymous	s3://sra-pub-zq-8/SRR2532319/SRR2532319.sralite.1	s3.us-east-1	aws identity	gs://sra-pub-zq-1/SRR2532319/SRR2532319.zq.1	gs.US	gcp identity	GSM1897279	breast cancer cell line	BT20	breast cancer cell line						
SRR2532320	SRP064259	The Functional Genomic Landscape of Human Breast Cancer Drivers, Vulnerabilities, and Resistance (RNASeq)	SRX1293293	GSM1897280: BT474; Homo sapiens; RNA-Seq	GSM1897280: BT474; Homo sapiens; RNA-Seq	9606	Homo sapiens		RNA-Seq	TRANSCRIPTOMIC	cDNA	PAIRED	SRS1094700		SAMN04122159	PRJNA297219	Illumina HiSeq 2000	Illumina HiSeq 2000	ILLUMINA	36222251	2610333902	36222251	3694669602	GSM1897280_r1	SRR2532320.sralite	https://sra-downloadb.be-md.ncbi.nlm.nih.gov/sos5/sra-pub-zq-11/SRR002/532/SRR2532320/SRR2532320.sralite.1	999481387	2020-06-22 11:42:07	8b595e709bf362c43381bc5b3adcf474	1	SRA Lite	Primary ETL	1	https://sra-downloadb.be-md.ncbi.nlm.nih.gov/sos5/sra-pub-zq-11/SRR002/532/SRR2532320/SRR2532320.sralite.1	worldwide	anonymous	s3://sra-pub-zq-5/SRR2532320/SRR2532320.sralite.1	s3.us-east-1	aws identity	gs://sra-pub-zq-1/SRR2532320/SRR2532320.zq.1	gs.US	gcp identity	GSM1897280	breast cancer cell line	BT474	breast cancer cell line						
SRR2532321	SRP064259	The Functional Genomic Landscape of Human Breast Cancer Drivers, Vulnerabilities, and Resistance (RNASeq)	SRX1293294	GSM1897281: BT483; Homo sapiens; RNA-Seq	GSM1897281: BT483; Homo sapiens; RNA-Seq	9606	Homo sapiens		RNA-Seq	TRANSCRIPTOMIC	cDNA	PAIRED	SRS1094699		SAMN04122160	PRJNA297219	Illumina HiSeq 2000	Illumina HiSeq 2000	ILLUMINA	36837668	2674832854	36837668	3757442136	GSM1897281_r1	SRR2532321.sralite	https://sra-downloadb.be-md.ncbi.nlm.nih.gov/sos5/sra-pub-zq-11/SRR002/532/SRR2532321/SRR2532321.sralite.1	1016316064	2020-06-22 11:37:24	fc3aa6c611d41c2834221feb7e8b621b	1	SRA Lite	Primary ETL	1	https://sra-downloadb.be-md.ncbi.nlm.nih.gov/sos5/sra-pub-zq-11/SRR002/532/SRR2532321/SRR2532321.sralite.1	worldwide	anonymous	s3://sra-pub-zq-4/SRR2532321/SRR2532321.sralite.1	s3.us-east-1	aws identity	gs://sra-pub-zq-1/SRR2532321/SRR2532321.zq.1	gs.US	gcp identity	GSM1897281	breast cancer cell line	BT483	breast cancer cell line						
SRR2532322	SRP064259	The Functional Genomic Landscape of Human Breast Cancer Drivers, Vulnerabilities, and Resistance (RNASeq)	SRX1293295	GSM1897282: BT549; Homo sapiens; RNA-Seq	GSM1897282: BT549; Homo sapiens; RNA-Seq	9606	Homo sapiens		RNA-Seq	TRANSCRIPTOMIC	cDNA	PAIRED	SRS1094698		SAMN04122161	PRJNA297219	Illumina HiSeq 2000	Illumina HiSeq 2000	ILLUMINA	31077469	2252843022	31077469	3169901838	GSM1897282_r1	SRR2532322.sralite	https://sra-downloadb.be-md.ncbi.nlm.nih.gov/sos5/sra-pub-zq-11/SRR002/532/SRR2532322/SRR2532322.sralite.1	858909719	2020-06-22 11:38:19	8f77dae2ef4e2b8f5ca613d73318c57c	1	SRA Lite	Primary ETL	1	https://sra-downloadb.be-md.ncbi.nlm.nih.gov/sos5/sra-pub-zq-11/SRR002/532/SRR2532322/SRR2532322.sralite.1	worldwide	anonymous	s3://sra-pub-zq-2/SRR2532322/SRR2532322.sralite.1	s3.us-east-1	aws identity	gs://sra-pub-zq-1/SRR2532322/SRR2532322.zq.1	gs.US	gcp identity	GSM1897282	breast cancer cell line	BT549	breast cancer cell line						
SRR2532323	SRP064259	The Functional Genomic Landscape of Human Breast Cancer Drivers, Vulnerabilities, and Resistance (RNASeq)	SRX1293296	GSM1897283: CAL120; Homo sapiens; RNA-Seq	GSM1897283: CAL120; Homo sapiens; RNA-Seq	9606	Homo sapiens		RNA-Seq	TRANSCRIPTOMIC	cDNA	PAIRED	SRS1094697		SAMN04122162	PRJNA297219	Illumina HiSeq 2000	Illumina HiSeq 2000	ILLUMINA	45400476	3300042733	45400476	4630848552	GSM1897283_r1	SRR2532323.sralite	https://sra-downloadb.be-md.ncbi.nlm.nih.gov/sos5/sra-pub-zq-11/SRR002/532/SRR2532323/SRR2532323.sralite.1	1249395789	2020-06-22 11:45:36	06fa7f6b709705a0f221b642084f01fc	1	SRA Lite	Primary ETL	1	https://sra-downloadb.be-md.ncbi.nlm.nih.gov/sos5/sra-pub-zq-11/SRR002/532/SRR2532323/SRR2532323.sralite.1	worldwide	anonymous	s3://sra-pub-zq-5/SRR2532323/SRR2532323.sralite.1	s3.us-east-1	aws identity	gs://sra-pub-zq-1/SRR2532323/SRR2532323.zq.1	gs.US	gcp identity	GSM1897283	breast cancer cell line	CAL120	breast cancer cell line						
SRR2532324	SRP064259	The Functional Genomic Landscape of Human Breast Cancer Drivers, Vulnerabilities, and Resistance (RNASeq)	SRX1293297	GSM1897284: CAL148; Homo sapiens; RNA-Seq	GSM1897284: CAL148; Homo sapiens; RNA-Seq	9606	Homo sapiens		RNA-Seq	TRANSCRIPTOMIC	cDNA	PAIRED	SRS1094777		SAMN04122163	PRJNA297219	Illumina HiSeq 2000	Illumina HiSeq 2000	ILLUMINA	38429178	2784435563	38429178	3919776156	GSM1897284_r1	SRR2532324.sralite	https://sra-downloadb.be-md.ncbi.nlm.nih.gov/sos5/sra-pub-zq-11/SRR002/532/SRR2532324/SRR2532324.sralite.1	1059398747	2020-06-22 11:36:53	5e255e23c3bf9f728dbde6e9d0ad0499	1	SRA Lite	Primary ETL	1	https://sra-downloadb.be-md.ncbi.nlm.nih.gov/sos5/sra-pub-zq-11/SRR002/532/SRR2532324/SRR2532324.sralite.1	worldwide	anonymous	s3://sra-pub-zq-5/SRR2532324/SRR2532324.sralite.1	s3.us-east-1	aws identity	gs://sra-pub-zq-1/SRR2532324/SRR2532324.zq.1	gs.US	gcp identity	GSM1897284	breast cancer cell line	CAL148	breast cancer cell line						
SRR2532325	SRP064259	The Functional Genomic Landscape of Human Breast Cancer Drivers, Vulnerabilities, and Resistance (RNASeq)	SRX1293298	GSM1897285: CAL51; Homo sapiens; RNA-Seq	GSM1897285: CAL51; Homo sapiens; RNA-Seq	9606	Homo sapiens		RNA-Seq	TRANSCRIPTOMIC	cDNA	PAIRED	SRS1094778		SAMN04122164	PRJNA297219	Illumina HiSeq 2000	Illumina HiSeq 2000	ILLUMINA	86598261	6222553973	86598261	8833022622	GSM1897285_r1	SRR2532325.sralite	https://sra-downloadb.be-md.ncbi.nlm.nih.gov/sos5/sra-pub-zq-11/SRR002/532/SRR2532325/SRR2532325.sralite.1	2368709640	2020-06-13 11:02:50	742e77c851b224d0240559d0679b5833	1	SRA Lite	Primary ETL	1	https://sra-downloadb.be-md.ncbi.nlm.nih.gov/sos5/sra-pub-zq-11/SRR002/532/SRR2532325/SRR2532325.sralite.1	worldwide	anonymous	s3://sra-pub-zq-2/SRR2532325/SRR2532325.sralite.1	s3.us-east-1	aws identity	gs://sra-pub-zq-1/SRR2532325/SRR2532325.zq.1	gs.US	gcp identity	GSM1897285	breast cancer cell line	CAL51	breast cancer cell line						
SRR2532326	SRP064259	The Functional Genomic Landscape of Human Breast Cancer Drivers, Vulnerabilities, and Resistance (RNASeq)	SRX1293299	GSM1897286: CAL851; Homo sapiens; RNA-Seq	GSM1897286: CAL851; Homo sapiens; RNA-Seq	9606	Homo sapiens		RNA-Seq	TRANSCRIPTOMIC	cDNA	PAIRED	SRS1094776		SAMN04122165	PRJNA297219	Illumina HiSeq 2000	Illumina HiSeq 2000	ILLUMINA	39389606	2861606664	39389606	4017739812	GSM1897286_r1	SRR2532326.sralite	https://sra-downloadb.be-md.ncbi.nlm.nih.gov/sos5/sra-pub-zq-11/SRR002/532/SRR2532326/SRR2532326.sralite.1	1085589342	2020-06-22 11:40:53	bc8230a82d9fc9e7a10350e8b8137006	1	SRA Lite	Primary ETL	1	https://sra-downloadb.be-md.ncbi.nlm.nih.gov/sos5/sra-pub-zq-11/SRR002/532/SRR2532326/SRR2532326.sralite.1	worldwide	anonymous	s3://sra-pub-zq-2/SRR2532326/SRR2532326.sralite.1	s3.us-east-1	aws identity	gs://sra-pub-zq-1/SRR2532326/SRR2532326.zq.1	gs.US	gcp identity	GSM1897286	breast cancer cell line	CAL851	breast cancer cell line						
SRR2532327	SRP064259	The Functional Genomic Landscape of Human Breast Cancer Drivers, Vulnerabilities, and Resistance (RNASeq)	SRX1293300	GSM1897287: CAMA1; Homo sapiens; RNA-Seq	GSM1897287: CAMA1; Homo sapiens; RNA-Seq	9606	Homo sapiens		RNA-Seq	TRANSCRIPTOMIC	cDNA	PAIRED	SRS1094775		SAMN04122166	PRJNA297219	Illumina HiSeq 2000	Illumina HiSeq 2000	ILLUMINA	27251600	1974707046	27251600	2779663200	GSM1897287_r1	SRR2532327.sralite	https://sra-downloadb.be-md.ncbi.nlm.nih.gov/sos5/sra-pub-zq-11/SRR002/532/SRR2532327/SRR2532327.sralite.1	754223234	2020-06-22 11:38:06	9cdfac206703cf4a8306b9511014b033	1	SRA Lite	Primary ETL	1	https://sra-downloadb.be-md.ncbi.nlm.nih.gov/sos5/sra-pub-zq-11/SRR002/532/SRR2532327/SRR2532327.sralite.1	worldwide	anonymous	s3://sra-pub-zq-5/SRR2532327/SRR2532327.sralite.1	s3.us-east-1	aws identity	gs://sra-pub-zq-1/SRR2532327/SRR2532327.zq.1	gs.US	gcp identity	GSM1897287	breast cancer cell line	CAMA1	breast cancer cell line						
SRR2532328	SRP064259	The Functional Genomic Landscape of Human Breast Cancer Drivers, Vulnerabilities, and Resistance (RNASeq)	SRX1293301	GSM1897288: DU4475; Homo sapiens; RNA-Seq	GSM1897288: DU4475; Homo sapiens; RNA-Seq	9606	Homo sapiens		RNA-Seq	TRANSCRIPTOMIC	cDNA	PAIRED	SRS1094774		SAMN04122167	PRJNA297219	Illumina HiSeq 2000	Illumina HiSeq 2000	ILLUMINA	48086589	3420267946	48086589	4904832078	GSM1897288_r1	DU4475_62_TAATGC_L006_R1.fastq.gz	https://sra-downloadb.be-md.ncbi.nlm.nih.gov/sos5/sra-pub-zq-11/SRR002/532/SRR2532328/SRR2532328.sralite.1	2312324583	2020-04-20 18:42:54	1842fc2236391c43ef8b7f8d293c7979	1	fastq	Original	0	https://sra-downloadb.be-md.ncbi.nlm.nih.gov/sos5/sra-pub-zq-11/SRR002/532/SRR2532328/SRR2532328.sralite.1	worldwide	anonymous	s3://sra-pub-src-7/SRR2532328/DU4475_62_TAATGC_L006_R1.fastq.gz	-	Use Cloud Data Delivery	gs://sra-pub-zq-1/SRR2532328/SRR2532328.zq.1	gs.US	gcp identity	GSM1897288	breast cancer cell line	DU4475	breast cancer cell line						
SRR2532329	SRP064259	The Functional Genomic Landscape of Human Breast Cancer Drivers, Vulnerabilities, and Resistance (RNASeq)	SRX1293302	GSM1897289: EFM19; Homo sapiens; RNA-Seq	GSM1897289: EFM19; Homo sapiens; RNA-Seq	9606	Homo sapiens		RNA-Seq	TRANSCRIPTOMIC	cDNA	PAIRED	SRS1094773		SAMN04122168	PRJNA297219	Illumina HiSeq 2000	Illumina HiSeq 2000	ILLUMINA	22477872	1628432146	22477872	2292742944	GSM1897289_r1	SRR2532329.sralite	https://sra-downloadb.be-md.ncbi.nlm.nih.gov/sos5/sra-pub-zq-11/SRR002/532/SRR2532329/SRR2532329.sralite.1	623195669	2020-06-22 11:34:01	e04872a31c23596be73a71b1d36bccd5	1	SRA Lite	Primary ETL	1	https://sra-downloadb.be-md.ncbi.nlm.nih.gov/sos5/sra-pub-zq-11/SRR002/532/SRR2532329/SRR2532329.sralite.1	worldwide	anonymous	s3://sra-pub-zq-2/SRR2532329/SRR2532329.sralite.1	s3.us-east-1	aws identity	gs://sra-pub-zq-1/SRR2532329/SRR2532329.zq.1	gs.US	gcp identity	GSM1897289	breast cancer cell line	EFM19	breast cancer cell line						
SRR2532330	SRP064259	The Functional Genomic Landscape of Human Breast Cancer Drivers, Vulnerabilities, and Resistance (RNASeq)	SRX1293303	GSM1897290: EFM192A; Homo sapiens; RNA-Seq	GSM1897290: EFM192A; Homo sapiens; RNA-Seq	9606	Homo sapiens		RNA-Seq	TRANSCRIPTOMIC	cDNA	PAIRED	SRS1094772		SAMN04122171	PRJNA297219	Illumina HiSeq 2000	Illumina HiSeq 2000	ILLUMINA	35388424	2561924921	35388424	3609619248	GSM1897290_r1	SRR2532330.sralite	https://sra-downloadb.be-md.ncbi.nlm.nih.gov/sos5/sra-pub-zq-11/SRR002/532/SRR2532330/SRR2532330.sralite.1	976729517	2020-06-22 11:35:53	12baa956b937d82742a5d18bbebd5215	1	SRA Lite	Primary ETL	1	https://sra-downloadb.be-md.ncbi.nlm.nih.gov/sos5/sra-pub-zq-11/SRR002/532/SRR2532330/SRR2532330.sralite.1	worldwide	anonymous	s3://sra-pub-zq-3/SRR2532330/SRR2532330.sralite.1	s3.us-east-1	aws identity	gs://sra-pub-zq-1/SRR2532330/SRR2532330.zq.1	gs.US	gcp identity	GSM1897290	breast cancer cell line	EFM192A	breast cancer cell line						
SRR2532331	SRP064259	The Functional Genomic Landscape of Human Breast Cancer Drivers, Vulnerabilities, and Resistance (RNASeq)	SRX1293304	GSM1897291: EVSAT; Homo sapiens; RNA-Seq	GSM1897291: EVSAT; Homo sapiens; RNA-Seq	9606	Homo sapiens		RNA-Seq	TRANSCRIPTOMIC	cDNA	PAIRED	SRS1094771		SAMN04122172	PRJNA297219	Illumina HiSeq 2000	Illumina HiSeq 2000	ILLUMINA	36971841	2667533453	36971841	3771127782	GSM1897291_r1	SRR2532331.sralite	https://sra-downloadb.be-md.ncbi.nlm.nih.gov/sos5/sra-pub-zq-11/SRR002/532/SRR2532331/SRR2532331.sralite.1	1019643300	2020-06-22 11:40:53	754c22a882c1876fc2772b267cc566fd	1	SRA Lite	Primary ETL	1	https://sra-downloadb.be-md.ncbi.nlm.nih.gov/sos5/sra-pub-zq-11/SRR002/532/SRR2532331/SRR2532331.sralite.1	worldwide	anonymous	s3://sra-pub-zq-3/SRR2532331/SRR2532331.sralite.1	s3.us-east-1	aws identity	gs://sra-pub-zq-1/SRR2532331/SRR2532331.zq.1	gs.US	gcp identity	GSM1897291	breast cancer cell line	EVSAT	breast cancer cell line						
SRR2532332	SRP064259	The Functional Genomic Landscape of Human Breast Cancer Drivers, Vulnerabilities, and Resistance (RNASeq)	SRX1293305	GSM1897292: HBL100; Homo sapiens; RNA-Seq	GSM1897292: HBL100; Homo sapiens; RNA-Seq	9606	Homo sapiens		RNA-Seq	TRANSCRIPTOMIC	cDNA	PAIRED	SRS1094770		SAMN04122173	PRJNA297219	Illumina HiSeq 2000	Illumina HiSeq 2000	ILLUMINA	35955415	2611922513	35955415	3667452330	GSM1897292_r1	SRR2532332.sralite	https://sra-downloadb.be-md.ncbi.nlm.nih.gov/sos5/sra-pub-zq-11/SRR002/532/SRR2532332/SRR2532332.sralite.1	991930415	2020-06-22 11:40:05	7d6f9f30e59a2b0cab17cca57f99c493	1	SRA Lite	Primary ETL	1	https://sra-downloadb.be-md.ncbi.nlm.nih.gov/sos5/sra-pub-zq-11/SRR002/532/SRR2532332/SRR2532332.sralite.1	worldwide	anonymous	s3://sra-pub-zq-2/SRR2532332/SRR2532332.sralite.1	s3.us-east-1	aws identity	gs://sra-pub-zq-1/SRR2532332/SRR2532332.zq.1	gs.US	gcp identity	GSM1897292	breast cancer cell line	HBL51	breast cancer cell line						
SRR2532333	SRP064259	The Functional Genomic Landscape of Human Breast Cancer Drivers, Vulnerabilities, and Resistance (RNASeq)	SRX1293306	GSM1897293: HCC1008; Homo sapiens; RNA-Seq	GSM1897293: HCC1008; Homo sapiens; RNA-Seq	9606	Homo sapiens		RNA-Seq	TRANSCRIPTOMIC	cDNA	PAIRED	SRS1094769		SAMN04122174	PRJNA297219	Illumina HiSeq 2000	Illumina HiSeq 2000	ILLUMINA	49519344	3581806907	49519344	5050973088	GSM1897293_r1	SRR2532333.sralite	https://sra-downloadb.be-md.ncbi.nlm.nih.gov/sos5/sra-pub-zq-11/SRR002/532/SRR2532333/SRR2532333.sralite.1	1361537883	2020-06-23 23:57:40	054621118cf7a1bf3da91e8d3f88d163	1	SRA Lite	Primary ETL	1	https://sra-downloadb.be-md.ncbi.nlm.nih.gov/sos5/sra-pub-zq-11/SRR002/532/SRR2532333/SRR2532333.sralite.1	worldwide	anonymous	s3://sra-pub-zq-6/SRR2532333/SRR2532333.sralite.1	s3.us-east-1	aws identity	gs://sra-pub-zq-1/SRR2532333/SRR2532333.zq.1	gs.US	gcp identity	GSM1897293	breast cancer cell line	HCC518	breast cancer cell line						
SRR2532334	SRP064259	The Functional Genomic Landscape of Human Breast Cancer Drivers, Vulnerabilities, and Resistance (RNASeq)	SRX1293307	GSM1897294: HCC1143; Homo sapiens; RNA-Seq	GSM1897294: HCC1143; Homo sapiens; RNA-Seq	9606	Homo sapiens		RNA-Seq	TRANSCRIPTOMIC	cDNA	PAIRED	SRS1094768		SAMN04122169	PRJNA297219	Illumina HiSeq 2000	Illumina HiSeq 2000	ILLUMINA	19894781	1440507635	19894781	2029267662	GSM1897294_r1	SRR2532334.sralite	https://sra-downloadb.be-md.ncbi.nlm.nih.gov/sos5/sra-pub-zq-11/SRR002/532/SRR2532334/SRR2532334.sralite.1	552223761	2020-06-22 11:35:04	0e9bd87342be72cabc5222ef0f714a12	1	SRA Lite	Primary ETL	1	https://sra-downloadb.be-md.ncbi.nlm.nih.gov/sos5/sra-pub-zq-11/SRR002/532/SRR2532334/SRR2532334.sralite.1	worldwide	anonymous	s3://sra-pub-zq-1/SRR2532334/SRR2532334.sralite.1	s3.us-east-1	aws identity	gs://sra-pub-zq-1/SRR2532334/SRR2532334.zq.1	gs.US	gcp identity	GSM1897294	breast cancer cell line	HCC1143	breast cancer cell line						
SRR2532335	SRP064259	The Functional Genomic Landscape of Human Breast Cancer Drivers, Vulnerabilities, and Resistance (RNASeq)	SRX1293308	GSM1897295: HCC1187; Homo sapiens; RNA-Seq	GSM1897295: HCC1187; Homo sapiens; RNA-Seq	9606	Homo sapiens		RNA-Seq	TRANSCRIPTOMIC	cDNA	PAIRED	SRS1094767		SAMN04122170	PRJNA297219	Illumina HiSeq 2000	Illumina HiSeq 2000	ILLUMINA	24237432	1758752094	24237432	2472218064	GSM1897295_r1	SRR2532335.sralite	https://sra-downloadb.be-md.ncbi.nlm.nih.gov/sos5/sra-pub-zq-11/SRR002/532/SRR2532335/SRR2532335.sralite.1	671600142	2020-06-22 11:33:10	1f48c0532b1381e54b3b751125762236	1	SRA Lite	Primary ETL	1	https://sra-downloadb.be-md.ncbi.nlm.nih.gov/sos5/sra-pub-zq-11/SRR002/532/SRR2532335/SRR2532335.sralite.1	worldwide	anonymous	s3://sra-pub-zq-4/SRR2532335/SRR2532335.sralite.1	s3.us-east-1	aws identity	gs://sra-pub-zq-1/SRR2532335/SRR2532335.zq.1	gs.US	gcp identity	GSM1897295	breast cancer cell line	HCC1187	breast cancer cell line						
SRR2532336	SRP064259	The Functional Genomic Landscape of Human Breast Cancer Drivers, Vulnerabilities, and Resistance (RNASeq)	SRX1293309	GSM1897296: HCC1395; Homo sapiens; RNA-Seq	GSM1897296: HCC1395; Homo sapiens; RNA-Seq	9606	Homo sapiens		RNA-Seq	TRANSCRIPTOMIC	cDNA	PAIRED	SRS1094766		SAMN04122175	PRJNA297219	Illumina HiSeq 2000	Illumina HiSeq 2000	ILLUMINA	97276607	6912486285	97276607	9922213914	GSM1897296_r1	SRR2532336.sralite	https://sra-downloadb.be-md.ncbi.nlm.nih.gov/sos5/sra-pub-zq-11/SRR002/532/SRR2532336/SRR2532336.sralite.1	2658218136	2020-06-13 11:00:42	7a81ec50f073c938d3fbac831eb662da	1	SRA Lite	Primary ETL	1	https://sra-downloadb.be-md.ncbi.nlm.nih.gov/sos5/sra-pub-zq-11/SRR002/532/SRR2532336/SRR2532336.sralite.1	worldwide	anonymous	s3://sra-pub-zq-2/SRR2532336/SRR2532336.sralite.1	s3.us-east-1	aws identity	gs://sra-pub-zq-1/SRR2532336/SRR2532336.zq.1	gs.US	gcp identity	GSM1897296	breast cancer cell line	HCC1395	breast cancer cell line						
SRR2532337	SRP064259	The Functional Genomic Landscape of Human Breast Cancer Drivers, Vulnerabilities, and Resistance (RNASeq)	SRX1293310	GSM1897297: HCC1419; Homo sapiens; RNA-Seq	GSM1897297: HCC1419; Homo sapiens; RNA-Seq	9606	Homo sapiens		RNA-Seq	TRANSCRIPTOMIC	cDNA	PAIRED	SRS1094765		SAMN04122176	PRJNA297219	Illumina HiSeq 2000	Illumina HiSeq 2000	ILLUMINA	42319888	3072816849	42319888	4316628576	GSM1897297_r1	SRR2532337.sralite	https://sra-downloadb.be-md.ncbi.nlm.nih.gov/sos5/sra-pub-zq-11/SRR002/532/SRR2532337/SRR2532337.sralite.1	1165949031	2020-06-23 23:55:02	f0cc43e23ea222fa90b6e2d27c778b50	1	SRA Lite	Primary ETL	1	https://sra-downloadb.be-md.ncbi.nlm.nih.gov/sos5/sra-pub-zq-11/SRR002/532/SRR2532337/SRR2532337.sralite.1	worldwide	anonymous	s3://sra-pub-zq-6/SRR2532337/SRR2532337.sralite.1	s3.us-east-1	aws identity	gs://sra-pub-zq-1/SRR2532337/SRR2532337.zq.1	gs.US	gcp identity	GSM1897297	breast cancer cell line	HCC1419	breast cancer cell line						
SRR2532338	SRP064259	The Functional Genomic Landscape of Human Breast Cancer Drivers, Vulnerabilities, and Resistance (RNASeq)	SRX1293311	GSM1897298: HCC1428; Homo sapiens; RNA-Seq	GSM1897298: HCC1428; Homo sapiens; RNA-Seq	9606	Homo sapiens		RNA-Seq	TRANSCRIPTOMIC	cDNA	PAIRED	SRS1094764		SAMN04122177	PRJNA297219	Illumina HiSeq 2000	Illumina HiSeq 2000	ILLUMINA	64230330	4637827292	64230330	6551493660	GSM1897298_r1	SRR2532338.sralite	https://sra-downloadb.be-md.ncbi.nlm.nih.gov/sos5/sra-pub-zq-11/SRR002/532/SRR2532338/SRR2532338.sralite.1	1762000468	2020-06-24 00:02:05	b5c38a3d9c855958d348ebfa9b09bf69	1	SRA Lite	Primary ETL	1	https://sra-downloadb.be-md.ncbi.nlm.nih.gov/sos5/sra-pub-zq-11/SRR002/532/SRR2532338/SRR2532338.sralite.1	worldwide	anonymous	s3://sra-pub-zq-6/SRR2532338/SRR2532338.sralite.1	s3.us-east-1	aws identity	gs://sra-pub-zq-1/SRR2532338/SRR2532338.zq.1	gs.US	gcp identity	GSM1897298	breast cancer cell line	HCC1428	breast cancer cell line						
SRR2532339	SRP064259	The Functional Genomic Landscape of Human Breast Cancer Drivers, Vulnerabilities, and Resistance (RNASeq)	SRX1293312	GSM1897299: HCC1500; Homo sapiens; RNA-Seq	GSM1897299: HCC1500; Homo sapiens; RNA-Seq	9606	Homo sapiens		RNA-Seq	TRANSCRIPTOMIC	cDNA	PAIRED	SRS1094763		SAMN04122178	PRJNA297219	Illumina HiSeq 2000	Illumina HiSeq 2000	ILLUMINA	44306171	3204133176	44306171	4519229442	GSM1897299_r1	SRR2532339.sralite	https://sra-downloadb.be-md.ncbi.nlm.nih.gov/sos5/sra-pub-zq-11/SRR002/532/SRR2532339/SRR2532339.sralite.1	1220095491	2020-06-23 23:53:49	a817d805c5c3f25021568d1dee041872	1	SRA Lite	Primary ETL	1	https://sra-downloadb.be-md.ncbi.nlm.nih.gov/sos5/sra-pub-zq-11/SRR002/532/SRR2532339/SRR2532339.sralite.1	worldwide	anonymous	s3://sra-pub-zq-6/SRR2532339/SRR2532339.sralite.1	s3.us-east-1	aws identity	gs://sra-pub-zq-1/SRR2532339/SRR2532339.zq.1	gs.US	gcp identity	GSM1897299	breast cancer cell line	HCC1500	breast cancer cell line						
SRR2532340	SRP064259	The Functional Genomic Landscape of Human Breast Cancer Drivers, Vulnerabilities, and Resistance (RNASeq)	SRX1293313	GSM1897300: HCC1569; Homo sapiens; RNA-Seq	GSM1897300: HCC1569; Homo sapiens; RNA-Seq	9606	Homo sapiens		RNA-Seq	TRANSCRIPTOMIC	cDNA	PAIRED	SRS1094762		SAMN04122179	PRJNA297219	Illumina HiSeq 2000	Illumina HiSeq 2000	ILLUMINA	158822674	11320721751	158822674	16199912748	GSM1897300_r1	SRR2532340.sralite	https://sra-downloadb.be-md.ncbi.nlm.nih.gov/sos5/sra-pub-zq-11/SRR002/532/SRR2532340/SRR2532340.sralite.1	4322375104	2020-06-13 11:44:12	9fda3a1d9fa80e550cb36f5a7fd2dd50	1	SRA Lite	Primary ETL	1	https://sra-downloadb.be-md.ncbi.nlm.nih.gov/sos5/sra-pub-zq-11/SRR002/532/SRR2532340/SRR2532340.sralite.1	worldwide	anonymous	s3://sra-pub-zq-6/SRR2532340/SRR2532340.sralite.1	s3.us-east-1	aws identity	gs://sra-pub-zq-1/SRR2532340/SRR2532340.zq.1	gs.US	gcp identity	GSM1897300	breast cancer cell line	HCC1569	breast cancer cell line						
SRR2532341	SRP064259	The Functional Genomic Landscape of Human Breast Cancer Drivers, Vulnerabilities, and Resistance (RNASeq)	SRX1293314	GSM1897301: HCC1599; Homo sapiens; RNA-Seq	GSM1897301: HCC1599; Homo sapiens; RNA-Seq	9606	Homo sapiens		RNA-Seq	TRANSCRIPTOMIC	cDNA	PAIRED	SRS1094761		SAMN04122180	PRJNA297219	Illumina HiSeq 2000	Illumina HiSeq 2000	ILLUMINA	41854224	3033851586	41854224	4269130848	GSM1897301_r1	SRR2532341.sralite	https://sra-downloadb.be-md.ncbi.nlm.nih.gov/sos5/sra-pub-zq-11/SRR002/532/SRR2532341/SRR2532341.sralite.1	1152820768	2020-06-23 23:54:10	d12af0f7bed30ff9c1bd0d0c59abd44c	1	SRA Lite	Primary ETL	1	https://sra-downloadb.be-md.ncbi.nlm.nih.gov/sos5/sra-pub-zq-11/SRR002/532/SRR2532341/SRR2532341.sralite.1	worldwide	anonymous	s3://sra-pub-zq-6/SRR2532341/SRR2532341.sralite.1	s3.us-east-1	aws identity	gs://sra-pub-zq-1/SRR2532341/SRR2532341.zq.1	gs.US	gcp identity	GSM1897301	breast cancer cell line	HCC1599	breast cancer cell line						
SRR2532342	SRP064259	The Functional Genomic Landscape of Human Breast Cancer Drivers, Vulnerabilities, and Resistance (RNASeq)	SRX1293315	GSM1897302: HCC1806; Homo sapiens; RNA-Seq	GSM1897302: HCC1806; Homo sapiens; RNA-Seq	9606	Homo sapiens		RNA-Seq	TRANSCRIPTOMIC	cDNA	PAIRED	SRS1094760		SAMN04122181	PRJNA297219	Illumina HiSeq 2000	Illumina HiSeq 2000	ILLUMINA	59623900	4295106925	59623900	6081637800	GSM1897302_r1	SRR2532342.sralite	https://sra-downloadb.be-md.ncbi.nlm.nih.gov/sos5/sra-pub-zq-11/SRR002/532/SRR2532342/SRR2532342.sralite.1	1636833960	2020-06-24 00:03:36	c4db4200c43eca39b751f357a4d1a72c	1	SRA Lite	Primary ETL	1	https://sra-downloadb.be-md.ncbi.nlm.nih.gov/sos5/sra-pub-zq-11/SRR002/532/SRR2532342/SRR2532342.sralite.1	worldwide	anonymous	s3://sra-pub-zq-6/SRR2532342/SRR2532342.sralite.1	s3.us-east-1	aws identity	gs://sra-pub-zq-1/SRR2532342/SRR2532342.zq.1	gs.US	gcp identity	GSM1897302	breast cancer cell line	HCC1806	breast cancer cell line						
SRR2532343	SRP064259	The Functional Genomic Landscape of Human Breast Cancer Drivers, Vulnerabilities, and Resistance (RNASeq)	SRX1293316	GSM1897303: HCC1937; Homo sapiens; RNA-Seq	GSM1897303: HCC1937; Homo sapiens; RNA-Seq	9606	Homo sapiens		RNA-Seq	TRANSCRIPTOMIC	cDNA	PAIRED	SRS1094759		SAMN04122182	PRJNA297219	Illumina HiSeq 2000	Illumina HiSeq 2000	ILLUMINA	28402795	2084143780	28402795	2897085090	GSM1897303_r1	SRR2532343.sralite	https://sra-downloadb.be-md.ncbi.nlm.nih.gov/sos5/sra-pub-zq-11/SRR002/532/SRR2532343/SRR2532343.sralite.1	785610398	2020-06-22 11:38:24	424da56ff01708b06e5772e736517a25	1	SRA Lite	Primary ETL	1	https://sra-downloadb.be-md.ncbi.nlm.nih.gov/sos5/sra-pub-zq-11/SRR002/532/SRR2532343/SRR2532343.sralite.1	worldwide	anonymous	s3://sra-pub-zq-1/SRR2532343/SRR2532343.sralite.1	s3.us-east-1	aws identity	gs://sra-pub-zq-1/SRR2532343/SRR2532343.zq.1	gs.US	gcp identity	GSM1897303	breast cancer cell line	HCC1937	breast cancer cell line						
SRR2532344	SRP064259	The Functional Genomic Landscape of Human Breast Cancer Drivers, Vulnerabilities, and Resistance (RNASeq)	SRX1293317	GSM1897304: HCC1954; Homo sapiens; RNA-Seq	GSM1897304: HCC1954; Homo sapiens; RNA-Seq	9606	Homo sapiens		RNA-Seq	TRANSCRIPTOMIC	cDNA	PAIRED	SRS1094758		SAMN04122183	PRJNA297219	Illumina HiSeq 2000	Illumina HiSeq 2000	ILLUMINA	49806567	3658616252	49806567	5080269834	GSM1897304_r1	SRR2532344.sralite	https://sra-downloadb.be-md.ncbi.nlm.nih.gov/sos5/sra-pub-zq-11/SRR002/532/SRR2532344/SRR2532344.sralite.1	1369544553	2020-06-23 23:56:08	2064a8254bc897ec7fc70b9fd617ceb9	1	SRA Lite	Primary ETL	1	https://sra-downloadb.be-md.ncbi.nlm.nih.gov/sos5/sra-pub-zq-11/SRR002/532/SRR2532344/SRR2532344.sralite.1	worldwide	anonymous	s3://sra-pub-zq-6/SRR2532344/SRR2532344.sralite.1	s3.us-east-1	aws identity	gs://sra-pub-zq-1/SRR2532344/SRR2532344.zq.1	gs.US	gcp identity	GSM1897304	breast cancer cell line	HCC1954	breast cancer cell line						
SRR2532345	SRP064259	The Functional Genomic Landscape of Human Breast Cancer Drivers, Vulnerabilities, and Resistance (RNASeq)	SRX1293318	GSM1897305: HCC202; Homo sapiens; RNA-Seq	GSM1897305: HCC202; Homo sapiens; RNA-Seq	9606	Homo sapiens		RNA-Seq	TRANSCRIPTOMIC	cDNA	PAIRED	SRS1094757		SAMN04122184	PRJNA297219	Illumina HiSeq 2000	Illumina HiSeq 2000	ILLUMINA	49994438	3604773583	49994438	5099432676	GSM1897305_r1	HCC202_12_GAATTC_L002_R2.fastq.gz	https://sra-downloadb.be-md.ncbi.nlm.nih.gov/sos5/sra-pub-zq-11/SRR002/532/SRR2532345/SRR2532345.sralite.1	2498264047	2020-04-20 18:45:25	9b3f552dc126730540e635a51ad83d77	1	fastq	Original	0	https://sra-downloadb.be-md.ncbi.nlm.nih.gov/sos5/sra-pub-zq-11/SRR002/532/SRR2532345/SRR2532345.sralite.1	worldwide	anonymous	s3://sra-pub-src-6/SRR2532345/HCC202_12_GAATTC_L002_R2.fastq.gz	-	Use Cloud Data Delivery	gs://sra-pub-zq-1/SRR2532345/SRR2532345.zq.1	gs.US	gcp identity	GSM1897305	breast cancer cell line	HCC202	breast cancer cell line						
SRR2532346	SRP064259	The Functional Genomic Landscape of Human Breast Cancer Drivers, Vulnerabilities, and Resistance (RNASeq)	SRX1293319	GSM1897306: HCC2185; Homo sapiens; RNA-Seq	GSM1897306: HCC2185; Homo sapiens; RNA-Seq	9606	Homo sapiens		RNA-Seq	TRANSCRIPTOMIC	cDNA	PAIRED	SRS1094756		SAMN04122185	PRJNA297219	Illumina HiSeq 2000	Illumina HiSeq 2000	ILLUMINA	37757916	2730001034	37757916	3851307432	GSM1897306_r1	SRR2532346	https://sra-pub-run-odp.s3.amazonaws.com/sra/SRR2532346/SRR2532346	2730002783	2015-09-28 16:09:27	fc2eeb1856f62a74f27656034d31c9a3	1	SRA Normalized	Primary ETL	1	https://sra-downloadb.be-md.ncbi.nlm.nih.gov/sos5/sra-pub-zq-11/SRR002/532/SRR2532346/SRR2532346.sralite.1	worldwide	anonymous	https://sra-pub-run-odp.s3.amazonaws.com/sra/SRR2532346/SRR2532346	worldwide	anonymous	gs://sra-pub-zq-1/SRR2532346/SRR2532346.zq.1	gs.US	gcp identity	GSM1897306	breast cancer cell line	HCC2185	breast cancer cell line						
SRR2532347	SRP064259	The Functional Genomic Landscape of Human Breast Cancer Drivers, Vulnerabilities, and Resistance (RNASeq)	SRX1293320	GSM1897307: HCC2218; Homo sapiens; RNA-Seq	GSM1897307: HCC2218; Homo sapiens; RNA-Seq	9606	Homo sapiens		RNA-Seq	TRANSCRIPTOMIC	cDNA	PAIRED	SRS1094755		SAMN04122186	PRJNA297219	Illumina HiSeq 2000	Illumina HiSeq 2000	ILLUMINA	40930419	3010753894	40930419	4174902738	GSM1897307_r1	SRR2532347.sralite	https://sra-downloadb.be-md.ncbi.nlm.nih.gov/sos5/sra-pub-zq-11/SRR002/532/SRR2532347/SRR2532347.sralite.1	1127795831	2020-06-23 23:53:56	c4d5b753fa52827cf49e97d343923a08	1	SRA Lite	Primary ETL	1	https://sra-downloadb.be-md.ncbi.nlm.nih.gov/sos5/sra-pub-zq-11/SRR002/532/SRR2532347/SRR2532347.sralite.1	worldwide	anonymous	s3://sra-pub-zq-6/SRR2532347/SRR2532347.sralite.1	s3.us-east-1	aws identity	gs://sra-pub-zq-1/SRR2532347/SRR2532347.zq.1	gs.US	gcp identity	GSM1897307	breast cancer cell line	HCC2218	breast cancer cell line						
SRR2532348	SRP064259	The Functional Genomic Landscape of Human Breast Cancer Drivers, Vulnerabilities, and Resistance (RNASeq)	SRX1293321	GSM1897308: HCC2688; Homo sapiens; RNA-Seq	GSM1897308: HCC2688; Homo sapiens; RNA-Seq	9606	Homo sapiens		RNA-Seq	TRANSCRIPTOMIC	cDNA	PAIRED	SRS1094754		SAMN04122127	PRJNA297219	Illumina HiSeq 2000	Illumina HiSeq 2000	ILLUMINA	39691769	2911226904	39691769	4048560438	GSM1897308_r1	SRR2532348.sralite	https://sra-downloadb.be-md.ncbi.nlm.nih.gov/sos5/sra-pub-zq-11/SRR002/532/SRR2532348/SRR2532348.sralite.1	1093781111	2020-06-23 23:55:11	f1d276a7258f5c1c04d5f8d1da2119b5	1	SRA Lite	Primary ETL	1	https://sra-downloadb.be-md.ncbi.nlm.nih.gov/sos5/sra-pub-zq-11/SRR002/532/SRR2532348/SRR2532348.sralite.1	worldwide	anonymous	s3://sra-pub-zq-6/SRR2532348/SRR2532348.sralite.1	s3.us-east-1	aws identity	gs://sra-pub-zq-1/SRR2532348/SRR2532348.zq.1	gs.US	gcp identity	GSM1897308	breast cancer cell line	HCC2688	breast cancer cell line						
SRR2532349	SRP064259	The Functional Genomic Landscape of Human Breast Cancer Drivers, Vulnerabilities, and Resistance (RNASeq)	SRX1293322	GSM1897309: HCC3153; Homo sapiens; RNA-Seq	GSM1897309: HCC3153; Homo sapiens; RNA-Seq	9606	Homo sapiens		RNA-Seq	TRANSCRIPTOMIC	cDNA	PAIRED	SRS1094753		SAMN04122128	PRJNA297219	Illumina HiSeq 2000	Illumina HiSeq 2000	ILLUMINA	48872744	3551582263	48872744	4985019888	GSM1897309_r1	SRR2532349.sralite	https://sra-downloadb.be-md.ncbi.nlm.nih.gov/sos5/sra-pub-zq-11/SRR002/532/SRR2532349/SRR2532349.sralite.1	1343977659	2020-06-24 00:01:33	2b6a3ee8cecbc5296c8d8e8b2d1ca9d4	1	SRA Lite	Primary ETL	1	https://sra-downloadb.be-md.ncbi.nlm.nih.gov/sos5/sra-pub-zq-11/SRR002/532/SRR2532349/SRR2532349.sralite.1	worldwide	anonymous	s3://sra-pub-zq-6/SRR2532349/SRR2532349.sralite.1	s3.us-east-1	aws identity	gs://sra-pub-zq-1/SRR2532349/SRR2532349.zq.1	gs.US	gcp identity	GSM1897309	breast cancer cell line	HCC3153	breast cancer cell line						
SRR2532350	SRP064259	The Functional Genomic Landscape of Human Breast Cancer Drivers, Vulnerabilities, and Resistance (RNASeq)	SRX1293323	GSM1897310: HCC38; Homo sapiens; RNA-Seq	GSM1897310: HCC38; Homo sapiens; RNA-Seq	9606	Homo sapiens		RNA-Seq	TRANSCRIPTOMIC	cDNA	PAIRED	SRS1094752		SAMN04122129	PRJNA297219	Illumina HiSeq 2000	Illumina HiSeq 2000	ILLUMINA	67164499	4842797110	67164499	6850778898	GSM1897310_r1	SRR2532350.sralite	https://sra-downloadb.be-md.ncbi.nlm.nih.gov/sos5/sra-pub-zq-11/SRR002/532/SRR2532350/SRR2532350.sralite.1	1841554016	2020-06-13 10:51:33	d3216843b02f37e2cb29ab8ea25adbf5	1	SRA Lite	Primary ETL	1	https://sra-downloadb.be-md.ncbi.nlm.nih.gov/sos5/sra-pub-zq-11/SRR002/532/SRR2532350/SRR2532350.sralite.1	worldwide	anonymous	s3://sra-pub-zq-2/SRR2532350/SRR2532350.sralite.1	s3.us-east-1	aws identity	gs://sra-pub-zq-1/SRR2532350/SRR2532350.zq.1	gs.US	gcp identity	GSM1897310	breast cancer cell line	HCC38	breast cancer cell line						
SRR2532351	SRP064259	The Functional Genomic Landscape of Human Breast Cancer Drivers, Vulnerabilities, and Resistance (RNASeq)	SRX1293324	GSM1897311: HCC70; Homo sapiens; RNA-Seq	GSM1897311: HCC70; Homo sapiens; RNA-Seq	9606	Homo sapiens		RNA-Seq	TRANSCRIPTOMIC	cDNA	PAIRED	SRS1094751		SAMN04122130	PRJNA297219	Illumina HiSeq 2000	Illumina HiSeq 2000	ILLUMINA	45191511	3283821937	45191511	4609534122	GSM1897311_r1	SRR2532351.sralite	https://sra-downloadb.be-md.ncbi.nlm.nih.gov/sos5/sra-pub-zq-11/SRR002/532/SRR2532351/SRR2532351.sralite.1	1243745105	2020-06-23 23:56:13	6c893560bc563fcd956ff628517688e5	1	SRA Lite	Primary ETL	1	https://sra-downloadb.be-md.ncbi.nlm.nih.gov/sos5/sra-pub-zq-11/SRR002/532/SRR2532351/SRR2532351.sralite.1	worldwide	anonymous	s3://sra-pub-zq-6/SRR2532351/SRR2532351.sralite.1	s3.us-east-1	aws identity	gs://sra-pub-zq-1/SRR2532351/SRR2532351.zq.1	gs.US	gcp identity	GSM1897311	breast cancer cell line	HCC70	breast cancer cell line						
SRR2532352	SRP064259	The Functional Genomic Landscape of Human Breast Cancer Drivers, Vulnerabilities, and Resistance (RNASeq)	SRX1293325	GSM1897312: HCC712; Homo sapiens; RNA-Seq	GSM1897312: HCC712; Homo sapiens; RNA-Seq	9606	Homo sapiens		RNA-Seq	TRANSCRIPTOMIC	cDNA	PAIRED	SRS1094750		SAMN04122131	PRJNA297219	Illumina HiSeq 2000	Illumina HiSeq 2000	ILLUMINA	57465828	4011046406	57465828	5861514456	GSM1897312_r1	SRR2532352.sralite	https://sra-downloadb.be-md.ncbi.nlm.nih.gov/sos5/sra-pub-zq-11/SRR002/532/SRR2532352/SRR2532352.sralite.1	1578218879	2020-06-13 11:11:42	485b7b6a76a302fff9b9cc1a33885209	1	SRA Lite	Primary ETL	1	https://sra-downloadb.be-md.ncbi.nlm.nih.gov/sos5/sra-pub-zq-11/SRR002/532/SRR2532352/SRR2532352.sralite.1	worldwide	anonymous	s3://sra-pub-zq-2/SRR2532352/SRR2532352.sralite.1	s3.us-east-1	aws identity	gs://sra-pub-zq-1/SRR2532352/SRR2532352.zq.1	gs.US	gcp identity	GSM1897312	breast cancer cell line	HCC712	breast cancer cell line						
SRR2532353	SRP064259	The Functional Genomic Landscape of Human Breast Cancer Drivers, Vulnerabilities, and Resistance (RNASeq)	SRX1293326	GSM1897313: HDQP1; Homo sapiens; RNA-Seq	GSM1897313: HDQP1; Homo sapiens; RNA-Seq	9606	Homo sapiens		RNA-Seq	TRANSCRIPTOMIC	cDNA	PAIRED	SRS1094749		SAMN04122132	PRJNA297219	Illumina HiSeq 2000	Illumina HiSeq 2000	ILLUMINA	38277666	2734285726	38277666	3904321932	GSM1897313_r1	SRR2532353.sralite	https://sra-downloadb.be-md.ncbi.nlm.nih.gov/sos5/sra-pub-zq-11/SRR002/532/SRR2532353/SRR2532353.sralite.1	1055300723	2020-06-23 23:55:05	77e431a407d54ec04e052b42c83550ff	1	SRA Lite	Primary ETL	1	https://sra-downloadb.be-md.ncbi.nlm.nih.gov/sos5/sra-pub-zq-11/SRR002/532/SRR2532353/SRR2532353.sralite.1	worldwide	anonymous	s3://sra-pub-zq-6/SRR2532353/SRR2532353.sralite.1	s3.us-east-1	aws identity	gs://sra-pub-zq-1/SRR2532353/SRR2532353.zq.1	gs.US	gcp identity	GSM1897313	breast cancer cell line	HDQP1	breast cancer cell line						
SRR2532354	SRP064259	The Functional Genomic Landscape of Human Breast Cancer Drivers, Vulnerabilities, and Resistance (RNASeq)	SRX1293327	GSM1897314: HS578T; Homo sapiens; RNA-Seq	GSM1897314: HS578T; Homo sapiens; RNA-Seq	9606	Homo sapiens		RNA-Seq	TRANSCRIPTOMIC	cDNA	PAIRED	SRS1094748		SAMN04122133	PRJNA297219	Illumina HiSeq 2000	Illumina HiSeq 2000	ILLUMINA	46902920	3439621789	46902920	4784097840	GSM1897314_r1	SRR2532354.sralite	https://sra-downloadb.be-md.ncbi.nlm.nih.gov/sos5/sra-pub-zq-11/SRR002/532/SRR2532354/SRR2532354.sralite.1	1290529266	2021-06-15 08:40:57	d0ce3249c4c27f57ebc25531817d36d6	1	SRA Lite	Primary ETL	1	https://sra-downloadb.be-md.ncbi.nlm.nih.gov/sos5/sra-pub-zq-11/SRR002/532/SRR2532354/SRR2532354.sralite.1	worldwide	anonymous	s3://sra-pub-zq-8/SRR2532354/SRR2532354.sralite.1	s3.us-east-1	aws identity	gs://sra-pub-zq-1/SRR2532354/SRR2532354.noqual.1	gs.US	gcp identity	GSM1897314	breast cancer cell line	HS578T	breast cancer cell line						
SRR2532355	SRP064259	The Functional Genomic Landscape of Human Breast Cancer Drivers, Vulnerabilities, and Resistance (RNASeq)	SRX1293328	GSM1897315: JIMT1; Homo sapiens; RNA-Seq	GSM1897315: JIMT1; Homo sapiens; RNA-Seq	9606	Homo sapiens		RNA-Seq	TRANSCRIPTOMIC	cDNA	PAIRED	SRS1094747		SAMN04122134	PRJNA297219	Illumina HiSeq 2000	Illumina HiSeq 2000	ILLUMINA	98743983	7102249472	98743983	10071886266	GSM1897315_r1	SRR2532355.sralite	https://sra-downloadb.be-md.ncbi.nlm.nih.gov/sos5/sra-pub-zq-11/SRR002/532/SRR2532355/SRR2532355.sralite.1	2697828605	2020-06-22 15:51:05	9ef24dcd167ee225af88fabeb19aec50	1	SRA Lite	Primary ETL	1	https://sra-downloadb.be-md.ncbi.nlm.nih.gov/sos5/sra-pub-zq-11/SRR002/532/SRR2532355/SRR2532355.sralite.1	worldwide	anonymous	s3://sra-pub-zq-6/SRR2532355/SRR2532355.sralite.1	s3.us-east-1	aws identity	gs://sra-pub-zq-1/SRR2532355/SRR2532355.zq.1	gs.US	gcp identity	GSM1897315	breast cancer cell line	JIMT1	breast cancer cell line						
SRR2532356	SRP064259	The Functional Genomic Landscape of Human Breast Cancer Drivers, Vulnerabilities, and Resistance (RNASeq)	SRX1293329	GSM1897316: KPL1; Homo sapiens; RNA-Seq	GSM1897316: KPL1; Homo sapiens; RNA-Seq	9606	Homo sapiens		RNA-Seq	TRANSCRIPTOMIC	cDNA	PAIRED	SRS1094746		SAMN04122136	PRJNA297219	Illumina HiSeq 2000	Illumina HiSeq 2000	ILLUMINA	59889772	4324305007	59889772	6108756744	GSM1897316_r1	SRR2532356.sralite	https://sra-downloadb.be-md.ncbi.nlm.nih.gov/sos5/sra-pub-zq-11/SRR002/532/SRR2532356/SRR2532356.sralite.1	1643934142	2020-06-13 10:37:45	4d95530c2cd3057bf6c3dfe13ac3d7d0	1	SRA Lite	Primary ETL	1	https://sra-downloadb.be-md.ncbi.nlm.nih.gov/sos5/sra-pub-zq-11/SRR002/532/SRR2532356/SRR2532356.sralite.1	worldwide	anonymous	s3://sra-pub-zq-2/SRR2532356/SRR2532356.sralite.1	s3.us-east-1	aws identity	gs://sra-pub-zq-1/SRR2532356/SRR2532356.zq.1	gs.US	gcp identity	GSM1897316	breast cancer cell line	KPL1	breast cancer cell line						
SRR2532357	SRP064259	The Functional Genomic Landscape of Human Breast Cancer Drivers, Vulnerabilities, and Resistance (RNASeq)	SRX1293330	GSM1897317: LY2; Homo sapiens; RNA-Seq	GSM1897317: LY2; Homo sapiens; RNA-Seq	9606	Homo sapiens		RNA-Seq	TRANSCRIPTOMIC	cDNA	PAIRED	SRS1094745		SAMN04122137	PRJNA297219	Illumina HiSeq 2000	Illumina HiSeq 2000	ILLUMINA	38883311	2826072605	38883311	3966097722	GSM1897317_r1	SRR2532357.sralite	https://sra-downloadb.be-md.ncbi.nlm.nih.gov/sos5/sra-pub-zq-11/SRR002/532/SRR2532357/SRR2532357.sralite.1	1071826199	2020-06-23 23:58:20	491d5d1d2d3eff8e0baa6a277ccd8985	1	SRA Lite	Primary ETL	1	https://sra-downloadb.be-md.ncbi.nlm.nih.gov/sos5/sra-pub-zq-11/SRR002/532/SRR2532357/SRR2532357.sralite.1	worldwide	anonymous	s3://sra-pub-zq-6/SRR2532357/SRR2532357.sralite.1	s3.us-east-1	aws identity	gs://sra-pub-zq-1/SRR2532357/SRR2532357.zq.1	gs.US	gcp identity	GSM1897317	breast cancer cell line	LY2	breast cancer cell line						
SRR2532358	SRP064259	The Functional Genomic Landscape of Human Breast Cancer Drivers, Vulnerabilities, and Resistance (RNASeq)	SRX1293331	GSM1897318: MACLS2; Homo sapiens; RNA-Seq	GSM1897318: MACLS2; Homo sapiens; RNA-Seq	9606	Homo sapiens		RNA-Seq	TRANSCRIPTOMIC	cDNA	PAIRED	SRS1094744		SAMN04122138	PRJNA297219	Illumina HiSeq 2000	Illumina HiSeq 2000	ILLUMINA	30904839	2240005159	30904839	3152293578	GSM1897318_r1	SRR2532358.sralite	https://sra-downloadb.be-md.ncbi.nlm.nih.gov/sos5/sra-pub-zq-11/SRR002/532/SRR2532358/SRR2532358.sralite.1	853940656	2020-06-23 23:49:44	fb6b762450dd4ba87c23cefdcebd8675	1	SRA Lite	Primary ETL	1	https://sra-downloadb.be-md.ncbi.nlm.nih.gov/sos5/sra-pub-zq-11/SRR002/532/SRR2532358/SRR2532358.sralite.1	worldwide	anonymous	s3://sra-pub-zq-6/SRR2532358/SRR2532358.sralite.1	s3.us-east-1	aws identity	gs://sra-pub-zq-1/SRR2532358/SRR2532358.zq.1	gs.US	gcp identity	GSM1897318	breast cancer cell line	MACLS2	breast cancer cell line						
SRR2532359	SRP064259	The Functional Genomic Landscape of Human Breast Cancer Drivers, Vulnerabilities, and Resistance (RNASeq)	SRX1293332	GSM1897319: MB157; Homo sapiens; RNA-Seq	GSM1897319: MB157; Homo sapiens; RNA-Seq	9606	Homo sapiens		RNA-Seq	TRANSCRIPTOMIC	cDNA	PAIRED	SRS1094743		SAMN04122139	PRJNA297219	Illumina HiSeq 2000	Illumina HiSeq 2000	ILLUMINA	47017345	3344820679	47017345	4795769190	GSM1897319_r1	SRR2532359.sralite	https://sra-downloadb.be-md.ncbi.nlm.nih.gov/sos5/sra-pub-zq-11/SRR002/532/SRR2532359/SRR2532359.sralite.1	1293385832	2021-06-15 12:24:13	24906debef36d62f5601df6c2920ab95	1	SRA Lite	Primary ETL	1	https://sra-downloadb.be-md.ncbi.nlm.nih.gov/sos5/sra-pub-zq-11/SRR002/532/SRR2532359/SRR2532359.sralite.1	worldwide	anonymous	s3://sra-pub-zq-8/SRR2532359/SRR2532359.sralite.1	s3.us-east-1	aws identity	gs://sra-pub-zq-1/SRR2532359/SRR2532359.noqual.1	gs.US	gcp identity	GSM1897319	breast cancer cell line	MB157	breast cancer cell line						
SRR2532360	SRP064259	The Functional Genomic Landscape of Human Breast Cancer Drivers, Vulnerabilities, and Resistance (RNASeq)	SRX1293333	GSM1897320: MCF10A; Homo sapiens; RNA-Seq	GSM1897320: MCF10A; Homo sapiens; RNA-Seq	9606	Homo sapiens		RNA-Seq	TRANSCRIPTOMIC	cDNA	PAIRED	SRS1094742		SAMN04122140	PRJNA297219	Illumina HiSeq 2000	Illumina HiSeq 2000	ILLUMINA	33678606	2470988407	33678606	3435217812	GSM1897320_r1	SRR2532360.sralite	https://sra-downloadb.be-md.ncbi.nlm.nih.gov/sos5/sra-pub-zq-11/SRR002/532/SRR2532360/SRR2532360.sralite.1	929935507	2020-06-11 20:57:04	e186e3bcd6f9cdb5f7d34cd792c5e829	1	SRA Lite	Primary ETL	1	https://sra-downloadb.be-md.ncbi.nlm.nih.gov/sos5/sra-pub-zq-11/SRR002/532/SRR2532360/SRR2532360.sralite.1	worldwide	anonymous	s3://sra-pub-zq-2/SRR2532360/SRR2532360.sralite.1	s3.us-east-1	aws identity	gs://sra-pub-zq-1/SRR2532360/SRR2532360.zq.1	gs.US	gcp identity	GSM1897320	breast cancer cell line	MCF10A	breast cancer cell line						
SRR2532361	SRP064259	The Functional Genomic Landscape of Human Breast Cancer Drivers, Vulnerabilities, and Resistance (RNASeq)	SRX1293334	GSM1897321: MCF12A; Homo sapiens; RNA-Seq	GSM1897321: MCF12A; Homo sapiens; RNA-Seq	9606	Homo sapiens		RNA-Seq	TRANSCRIPTOMIC	cDNA	PAIRED	SRS1094741		SAMN04122141	PRJNA297219	Illumina HiSeq 2000	Illumina HiSeq 2000	ILLUMINA	41611204	2973333297	41611204	4244342808	GSM1897321_r1	SRR2532361.sralite	https://sra-downloadb.be-md.ncbi.nlm.nih.gov/sos5/sra-pub-zq-11/SRR002/532/SRR2532361/SRR2532361.sralite.1	1146152245	2020-06-11 20:51:40	7b51c9077756b0988427c7e7ff9298ac	1	SRA Lite	Primary ETL	1	https://sra-downloadb.be-md.ncbi.nlm.nih.gov/sos5/sra-pub-zq-11/SRR002/532/SRR2532361/SRR2532361.sralite.1	worldwide	anonymous	s3://sra-pub-zq-2/SRR2532361/SRR2532361.sralite.1	s3.us-east-1	aws identity	gs://sra-pub-zq-1/SRR2532361/SRR2532361.zq.1	gs.US	gcp identity	GSM1897321	breast cancer cell line	MCF12A	breast cancer cell line						
SRR2532362	SRP064259	The Functional Genomic Landscape of Human Breast Cancer Drivers, Vulnerabilities, and Resistance (RNASeq)	SRX1293335	GSM1897322: MCF7; Homo sapiens; RNA-Seq	GSM1897322: MCF7; Homo sapiens; RNA-Seq	9606	Homo sapiens		RNA-Seq	TRANSCRIPTOMIC	cDNA	PAIRED	SRS1094740		SAMN04122142	PRJNA297219	Illumina HiSeq 2000	Illumina HiSeq 2000	ILLUMINA	47425419	3480299409	47425419	4837392738	GSM1897322_r1	SRR2532362.sralite	https://sra-downloadb.be-md.ncbi.nlm.nih.gov/sos5/sra-pub-zq-11/SRR002/532/SRR2532362/SRR2532362.sralite.1	1304806667	2021-06-15 16:12:11	f994fdf6d0ee2469badfdc9e684f34a6	1	SRA Lite	Primary ETL	1	https://sra-downloadb.be-md.ncbi.nlm.nih.gov/sos5/sra-pub-zq-11/SRR002/532/SRR2532362/SRR2532362.sralite.1	worldwide	anonymous	s3://sra-pub-zq-8/SRR2532362/SRR2532362.sralite.1	s3.us-east-1	aws identity	gs://sra-pub-zq-1/SRR2532362/SRR2532362.noqual.1	gs.US	gcp identity	GSM1897322	breast cancer cell line	MCF7	breast cancer cell line						
SRR2532363	SRP064259	The Functional Genomic Landscape of Human Breast Cancer Drivers, Vulnerabilities, and Resistance (RNASeq)	SRX1293336	GSM1897323: MDAMB134VI; Homo sapiens; RNA-Seq	GSM1897323: MDAMB134VI; Homo sapiens; RNA-Seq	9606	Homo sapiens		RNA-Seq	TRANSCRIPTOMIC	cDNA	PAIRED	SRS1094739		SAMN04122143	PRJNA297219	Illumina HiSeq 2000	Illumina HiSeq 2000	ILLUMINA	44843510	3253026164	44843510	4574038020	GSM1897323_r1	SRR2532363.sralite	https://sra-downloadb.be-md.ncbi.nlm.nih.gov/sos5/sra-pub-zq-11/SRR002/532/SRR2532363/SRR2532363.sralite.1	1234133334	2020-06-11 21:00:11	4a309a2d4110e41bce6af7e33f168760	1	SRA Lite	Primary ETL	1	https://sra-downloadb.be-md.ncbi.nlm.nih.gov/sos5/sra-pub-zq-11/SRR002/532/SRR2532363/SRR2532363.sralite.1	worldwide	anonymous	s3://sra-pub-zq-2/SRR2532363/SRR2532363.sralite.1	s3.us-east-1	aws identity	gs://sra-pub-zq-1/SRR2532363/SRR2532363.zq.1	gs.US	gcp identity	GSM1897323	breast cancer cell line	MDAMB134VI	breast cancer cell line						
SRR2532364	SRP064259	The Functional Genomic Landscape of Human Breast Cancer Drivers, Vulnerabilities, and Resistance (RNASeq)	SRX1293337	GSM1897324: MDAMB157; Homo sapiens; RNA-Seq	GSM1897324: MDAMB157; Homo sapiens; RNA-Seq	9606	Homo sapiens		RNA-Seq	TRANSCRIPTOMIC	cDNA	PAIRED	SRS1094738		SAMN04122135	PRJNA297219	Illumina HiSeq 2000	Illumina HiSeq 2000	ILLUMINA	147772248	10626003043	147772248	15072769296	GSM1897324_r1	SRR2532364.sralite	https://sra-downloadb.be-md.ncbi.nlm.nih.gov/sos5/sra-pub-zq-11/SRR002/532/SRR2532364/SRR2532364.sralite.1	4023666854	2021-06-15 16:19:34	173bd645cdd0d5aef627c29ac219eb61	1	SRA Lite	Primary ETL	1	https://sra-downloadb.be-md.ncbi.nlm.nih.gov/sos5/sra-pub-zq-11/SRR002/532/SRR2532364/SRR2532364.sralite.1	worldwide	anonymous	s3://sra-pub-zq-8/SRR2532364/SRR2532364.sralite.1	s3.us-east-1	aws identity	gs://sra-pub-zq-1/SRR2532364/SRR2532364.noqual.1	gs.US	gcp identity	GSM1897324	breast cancer cell line	MDAMB157	breast cancer cell line						
SRR2532365	SRP064259	The Functional Genomic Landscape of Human Breast Cancer Drivers, Vulnerabilities, and Resistance (RNASeq)	SRX1293338	GSM1897325: MDAMB175VII; Homo sapiens; RNA-Seq	GSM1897325: MDAMB175VII; Homo sapiens; RNA-Seq	9606	Homo sapiens		RNA-Seq	TRANSCRIPTOMIC	cDNA	PAIRED	SRS1094737		SAMN04122144	PRJNA297219	Illumina HiSeq 2000	Illumina HiSeq 2000	ILLUMINA	39561566	2881053444	39561566	4035279732	GSM1897325_r1	SRR2532365.sralite	https://sra-downloadb.be-md.ncbi.nlm.nih.gov/sos5/sra-pub-zq-11/SRR002/532/SRR2532365/SRR2532365.sralite.1	1090346918	2020-06-11 21:12:52	13862f1acb566b8c719b649cd4cd2212	1	SRA Lite	Primary ETL	1	https://sra-downloadb.be-md.ncbi.nlm.nih.gov/sos5/sra-pub-zq-11/SRR002/532/SRR2532365/SRR2532365.sralite.1	worldwide	anonymous	s3://sra-pub-zq-2/SRR2532365/SRR2532365.sralite.1	s3.us-east-1	aws identity	gs://sra-pub-zq-1/SRR2532365/SRR2532365.zq.1	gs.US	gcp identity	GSM1897325	breast cancer cell line	MDAMB175VII	breast cancer cell line						
SRR2532366	SRP064259	The Functional Genomic Landscape of Human Breast Cancer Drivers, Vulnerabilities, and Resistance (RNASeq)	SRX1293339	GSM1897326: MDAMB231; Homo sapiens; RNA-Seq	GSM1897326: MDAMB231; Homo sapiens; RNA-Seq	9606	Homo sapiens		RNA-Seq	TRANSCRIPTOMIC	cDNA	PAIRED	SRS1094736		SAMN04122145	PRJNA297219	Illumina HiSeq 2000	Illumina HiSeq 2000	ILLUMINA	34763501	2532509038	34763501	3545877102	GSM1897326_r1	SRR2532366.sralite	https://sra-downloadb.be-md.ncbi.nlm.nih.gov/sos5/sra-pub-zq-11/SRR002/532/SRR2532366/SRR2532366.sralite.1	959294910	2020-06-13 08:50:03	7c44fe165d6a20cb0b07782e467e52ec	1	SRA Lite	Primary ETL	1	https://sra-downloadb.be-md.ncbi.nlm.nih.gov/sos5/sra-pub-zq-11/SRR002/532/SRR2532366/SRR2532366.sralite.1	worldwide	anonymous	s3://sra-pub-zq-6/SRR2532366/SRR2532366.sralite.1	s3.us-east-1	aws identity	gs://sra-pub-zq-1/SRR2532366/SRR2532366.zq.1	gs.US	gcp identity	GSM1897326	breast cancer cell line	MDAMB231	breast cancer cell line						
SRR2532367	SRP064259	The Functional Genomic Landscape of Human Breast Cancer Drivers, Vulnerabilities, and Resistance (RNASeq)	SRX1293340	GSM1897327: MDAMB330; Homo sapiens; RNA-Seq	GSM1897327: MDAMB330; Homo sapiens; RNA-Seq	9606	Homo sapiens		RNA-Seq	TRANSCRIPTOMIC	cDNA	PAIRED	SRS1094735		SAMN04122146	PRJNA297219	Illumina HiSeq 2000	Illumina HiSeq 2000	ILLUMINA	42280875	3062964461	42280875	4312649250	GSM1897327_r1	SRR2532367.sralite	https://sra-downloadb.be-md.ncbi.nlm.nih.gov/sos5/sra-pub-zq-11/SRR002/532/SRR2532367/SRR2532367.sralite.1	1164446715	2020-06-13 08:57:28	0dbb8dd95ef1b9bdc84795fd5fa098dd	1	SRA Lite	Primary ETL	1	https://sra-downloadb.be-md.ncbi.nlm.nih.gov/sos5/sra-pub-zq-11/SRR002/532/SRR2532367/SRR2532367.sralite.1	worldwide	anonymous	s3://sra-pub-zq-6/SRR2532367/SRR2532367.sralite.1	s3.us-east-1	aws identity	gs://sra-pub-zq-1/SRR2532367/SRR2532367.zq.1	gs.US	gcp identity	GSM1897327	breast cancer cell line	MDAMB330	breast cancer cell line						
SRR2532368	SRP064259	The Functional Genomic Landscape of Human Breast Cancer Drivers, Vulnerabilities, and Resistance (RNASeq)	SRX1293341	GSM1897328: MDAMB361; Homo sapiens; RNA-Seq	GSM1897328: MDAMB361; Homo sapiens; RNA-Seq	9606	Homo sapiens		RNA-Seq	TRANSCRIPTOMIC	cDNA	PAIRED	SRS1094734		SAMN04122147	PRJNA297219	Illumina HiSeq 2000	Illumina HiSeq 2000	ILLUMINA	37513048	2734860575	37513048	3826330896	GSM1897328_r1	SRR2532368.sralite	https://sra-downloadb.be-md.ncbi.nlm.nih.gov/sos5/sra-pub-zq-11/SRR002/532/SRR2532368/SRR2532368.sralite.1	1034346713	2020-06-13 08:54:13	d0887e4ce59753622adc179231995122	1	SRA Lite	Primary ETL	1	https://sra-downloadb.be-md.ncbi.nlm.nih.gov/sos5/sra-pub-zq-11/SRR002/532/SRR2532368/SRR2532368.sralite.1	worldwide	anonymous	s3://sra-pub-zq-6/SRR2532368/SRR2532368.sralite.1	s3.us-east-1	aws identity	gs://sra-pub-zq-1/SRR2532368/SRR2532368.zq.1	gs.US	gcp identity	GSM1897328	breast cancer cell line	MDAMB361	breast cancer cell line						
SRR2532369	SRP064259	The Functional Genomic Landscape of Human Breast Cancer Drivers, Vulnerabilities, and Resistance (RNASeq)	SRX1293342	GSM1897329: MDAMB415; Homo sapiens; RNA-Seq	GSM1897329: MDAMB415; Homo sapiens; RNA-Seq	9606	Homo sapiens		RNA-Seq	TRANSCRIPTOMIC	cDNA	PAIRED	SRS1094733		SAMN04122148	PRJNA297219	Illumina HiSeq 2000	Illumina HiSeq 2000	ILLUMINA	39822671	2905660733	39822671	4061912442	GSM1897329_r1	SRR2532369.sralite	https://sra-downloadb.be-md.ncbi.nlm.nih.gov/sos5/sra-pub-zq-11/SRR002/532/SRR2532369/SRR2532369.sralite.1	1097465162	2021-06-15 08:39:39	670837fdaaacbb7f6b2f13dc7f743bb7	1	SRA Lite	Primary ETL	1	https://sra-downloadb.be-md.ncbi.nlm.nih.gov/sos5/sra-pub-zq-11/SRR002/532/SRR2532369/SRR2532369.sralite.1	worldwide	anonymous	s3://sra-pub-zq-8/SRR2532369/SRR2532369.sralite.1	s3.us-east-1	aws identity	gs://sra-pub-zq-1/SRR2532369/SRR2532369.noqual.1	gs.US	gcp identity	GSM1897329	breast cancer cell line	MDAMB415	breast cancer cell line						
SRR2532370	SRP064259	The Functional Genomic Landscape of Human Breast Cancer Drivers, Vulnerabilities, and Resistance (RNASeq)	SRX1293343	GSM1897330: MDAMB436; Homo sapiens; RNA-Seq	GSM1897330: MDAMB436; Homo sapiens; RNA-Seq	9606	Homo sapiens		RNA-Seq	TRANSCRIPTOMIC	cDNA	PAIRED	SRS1094732		SAMN04122149	PRJNA297219	Illumina HiSeq 2000	Illumina HiSeq 2000	ILLUMINA	49004332	3555822266	49004332	4998441864	GSM1897330_r1	SRR2532370.sralite	https://sra-downloadb.be-md.ncbi.nlm.nih.gov/sos5/sra-pub-zq-11/SRR002/532/SRR2532370/SRR2532370.sralite.1	1347462369	2021-06-15 20:09:28	bb4757a35d766b63cf578a645ee82b47	1	SRA Lite	Primary ETL	1	https://sra-downloadb.be-md.ncbi.nlm.nih.gov/sos5/sra-pub-zq-11/SRR002/532/SRR2532370/SRR2532370.sralite.1	worldwide	anonymous	s3://sra-pub-zq-8/SRR2532370/SRR2532370.sralite.1	s3.us-east-1	aws identity	gs://sra-pub-zq-1/SRR2532370/SRR2532370.noqual.1	gs.US	gcp identity	GSM1897330	breast cancer cell line	MDAMB436	breast cancer cell line						
SRR2532371	SRP064259	The Functional Genomic Landscape of Human Breast Cancer Drivers, Vulnerabilities, and Resistance (RNASeq)	SRX1293344	GSM1897331: MDAMB453; Homo sapiens; RNA-Seq	GSM1897331: MDAMB453; Homo sapiens; RNA-Seq	9606	Homo sapiens		RNA-Seq	TRANSCRIPTOMIC	cDNA	PAIRED	SRS1094731		SAMN04122150	PRJNA297219	Illumina HiSeq 2000	Illumina HiSeq 2000	ILLUMINA	42323781	3078285109	42323781	4317025662	GSM1897331_r1	SRR2532371.sralite	https://sra-downloadb.be-md.ncbi.nlm.nih.gov/sos5/sra-pub-zq-11/SRR002/532/SRR2532371/SRR2532371.sralite.1	1165529001	2020-06-13 08:55:42	4314004aafd430e62d1aad1ca1014b14	1	SRA Lite	Primary ETL	1	https://sra-downloadb.be-md.ncbi.nlm.nih.gov/sos5/sra-pub-zq-11/SRR002/532/SRR2532371/SRR2532371.sralite.1	worldwide	anonymous	s3://sra-pub-zq-6/SRR2532371/SRR2532371.sralite.1	s3.us-east-1	aws identity	gs://sra-pub-zq-1/SRR2532371/SRR2532371.zq.1	gs.US	gcp identity	GSM1897331	breast cancer cell line	MDAMB453	breast cancer cell line						
SRR2532372	SRP064259	The Functional Genomic Landscape of Human Breast Cancer Drivers, Vulnerabilities, and Resistance (RNASeq)	SRX1293345	GSM1897332: MDAMB468; Homo sapiens; RNA-Seq	GSM1897332: MDAMB468; Homo sapiens; RNA-Seq	9606	Homo sapiens		RNA-Seq	TRANSCRIPTOMIC	cDNA	PAIRED	SRS1094729		SAMN04122151	PRJNA297219	Illumina HiSeq 2000	Illumina HiSeq 2000	ILLUMINA	39370809	2856245867	39370809	4015822518	GSM1897332_r1	SRR2532372.sralite	https://sra-downloadb.be-md.ncbi.nlm.nih.gov/sos5/sra-pub-zq-11/SRR002/532/SRR2532372/SRR2532372.sralite.1	1085025084	2020-06-13 08:52:04	a74bfdf572b9915071cefbb557483b45	1	SRA Lite	Primary ETL	1	https://sra-downloadb.be-md.ncbi.nlm.nih.gov/sos5/sra-pub-zq-11/SRR002/532/SRR2532372/SRR2532372.sralite.1	worldwide	anonymous	s3://sra-pub-zq-6/SRR2532372/SRR2532372.sralite.1	s3.us-east-1	aws identity	gs://sra-pub-zq-1/SRR2532372/SRR2532372.zq.1	gs.US	gcp identity	GSM1897332	breast cancer cell line	MDAMB468	breast cancer cell line						
SRR2532373	SRP064259	The Functional Genomic Landscape of Human Breast Cancer Drivers, Vulnerabilities, and Resistance (RNASeq)	SRX1293346	GSM1897333: MFM223; Homo sapiens; RNA-Seq	GSM1897333: MFM223; Homo sapiens; RNA-Seq	9606	Homo sapiens		RNA-Seq	TRANSCRIPTOMIC	cDNA	PAIRED	SRS1094730		SAMN04122152	PRJNA297219	Illumina HiSeq 2000	Illumina HiSeq 2000	ILLUMINA	37600580	2700897408	37600580	3835259160	GSM1897333_r1	SRR2532373.sralite	https://sra-downloadb.be-md.ncbi.nlm.nih.gov/sos5/sra-pub-zq-11/SRR002/532/SRR2532373/SRR2532373.sralite.1	1036804757	2021-06-15 01:04:32	3877824b75e8339425dbf335cff7b84c	1	SRA Lite	Primary ETL	1	https://sra-downloadb.be-md.ncbi.nlm.nih.gov/sos5/sra-pub-zq-11/SRR002/532/SRR2532373/SRR2532373.sralite.1	worldwide	anonymous	s3://sra-pub-zq-8/SRR2532373/SRR2532373.sralite.1	s3.us-east-1	aws identity	gs://sra-pub-zq-1/SRR2532373/SRR2532373.noqual.1	gs.US	gcp identity	GSM1897333	breast cancer cell line	MFM223	breast cancer cell line						
SRR2532374	SRP064259	The Functional Genomic Landscape of Human Breast Cancer Drivers, Vulnerabilities, and Resistance (RNASeq)	SRX1293347	GSM1897334: MX1; Homo sapiens; RNA-Seq	GSM1897334: MX1; Homo sapiens; RNA-Seq	9606	Homo sapiens		RNA-Seq	TRANSCRIPTOMIC	cDNA	PAIRED	SRS1094728		SAMN04122153	PRJNA297219	Illumina HiSeq 2000	Illumina HiSeq 2000	ILLUMINA	37700989	2739918480	37700989	3845500878	GSM1897334_r1	SRR2532374	https://sra-pub-run-odp.s3.amazonaws.com/sra/SRR2532374/SRR2532374	2739920227	2015-09-28 16:23:15	e2f9732ac00df7bfa2123b2cb9e90cea	1	SRA Normalized	Primary ETL	1	https://sra-downloadb.be-md.ncbi.nlm.nih.gov/sos5/sra-pub-zq-11/SRR002/532/SRR2532374/SRR2532374.sralite.1	worldwide	anonymous	https://sra-pub-run-odp.s3.amazonaws.com/sra/SRR2532374/SRR2532374	worldwide	anonymous	gs://sra-pub-zq-1/SRR2532374/SRR2532374.zq.1	gs.US	gcp identity	GSM1897334	breast cancer cell line	MX1	breast cancer cell line						
SRR2532375	SRP064259	The Functional Genomic Landscape of Human Breast Cancer Drivers, Vulnerabilities, and Resistance (RNASeq)	SRX1293348	GSM1897335: OCUBM; Homo sapiens; RNA-Seq	GSM1897335: OCUBM; Homo sapiens; RNA-Seq	9606	Homo sapiens		RNA-Seq	TRANSCRIPTOMIC	cDNA	PAIRED	SRS1094727		SAMN04122154	PRJNA297219	Illumina HiSeq 2000	Illumina HiSeq 2000	ILLUMINA	55238821	3992975498	55238821	5634359742	GSM1897335_r1	SRR2532375.sralite	https://sra-downloadb.be-md.ncbi.nlm.nih.gov/sos5/sra-pub-zq-11/SRR002/532/SRR2532375/SRR2532375.sralite.1	1517055514	2021-06-16 10:11:36	545e69dd7ab538277f4040858e196973	1	SRA Lite	Primary ETL	1	https://sra-downloadb.be-md.ncbi.nlm.nih.gov/sos5/sra-pub-zq-11/SRR002/532/SRR2532375/SRR2532375.sralite.1	worldwide	anonymous	s3://sra-pub-zq-8/SRR2532375/SRR2532375.sralite.1	s3.us-east-1	aws identity	gs://sra-pub-zq-1/SRR2532375/SRR2532375.noqual.1	gs.US	gcp identity	GSM1897335	breast cancer cell line	OCUBM	breast cancer cell line						
SRR2532376	SRP064259	The Functional Genomic Landscape of Human Breast Cancer Drivers, Vulnerabilities, and Resistance (RNASeq)	SRX1293349	GSM1897336: SKBR3; Homo sapiens; RNA-Seq	GSM1897336: SKBR3; Homo sapiens; RNA-Seq	9606	Homo sapiens		RNA-Seq	TRANSCRIPTOMIC	cDNA	PAIRED	SRS1094726		SAMN04122155	PRJNA297219	Illumina HiSeq 2000	Illumina HiSeq 2000	ILLUMINA	33099393	2293399606	33099393	3376138086	GSM1897336_r1	SRR2532376.sralite	https://sra-downloadb.be-md.ncbi.nlm.nih.gov/sos5/sra-pub-zq-11/SRR002/532/SRR2532376/SRR2532376.sralite.1	914438835	2021-06-15 23:48:56	5c36ff6c9c27169f250f2a2e723b2815	1	SRA Lite	Primary ETL	1	https://sra-downloadb.be-md.ncbi.nlm.nih.gov/sos5/sra-pub-zq-11/SRR002/532/SRR2532376/SRR2532376.sralite.1	worldwide	anonymous	s3://sra-pub-zq-8/SRR2532376/SRR2532376.sralite.1	s3.us-east-1	aws identity	gs://sra-pub-zq-1/SRR2532376/SRR2532376.noqual.1	gs.US	gcp identity	GSM1897336	breast cancer cell line	SKBR3	breast cancer cell line						
SRR2532377	SRP064259	The Functional Genomic Landscape of Human Breast Cancer Drivers, Vulnerabilities, and Resistance (RNASeq)	SRX1293350	GSM1897337: SKBR5; Homo sapiens; RNA-Seq	GSM1897337: SKBR5; Homo sapiens; RNA-Seq	9606	Homo sapiens		RNA-Seq	TRANSCRIPTOMIC	cDNA	PAIRED	SRS1094725		SAMN04122156	PRJNA297219	Illumina HiSeq 2000	Illumina HiSeq 2000	ILLUMINA	47627196	3469809277	47627196	4857973992	GSM1897337_r1	SRR2532377.sralite	https://sra-downloadb.be-md.ncbi.nlm.nih.gov/sos5/sra-pub-zq-11/SRR002/532/SRR2532377/SRR2532377.sralite.1	1310019331	2021-06-16 09:19:51	de71e8c41b8afc56df9738f672100885	1	SRA Lite	Primary ETL	1	https://sra-downloadb.be-md.ncbi.nlm.nih.gov/sos5/sra-pub-zq-11/SRR002/532/SRR2532377/SRR2532377.sralite.1	worldwide	anonymous	s3://sra-pub-zq-8/SRR2532377/SRR2532377.sralite.1	s3.us-east-1	aws identity	gs://sra-pub-zq-1/SRR2532377/SRR2532377.noqual.1	gs.US	gcp identity	GSM1897337	breast cancer cell line	SKBR5	breast cancer cell line						
SRR2532378	SRP064259	The Functional Genomic Landscape of Human Breast Cancer Drivers, Vulnerabilities, and Resistance (RNASeq)	SRX1293351	GSM1897338: SKBR7; Homo sapiens; RNA-Seq	GSM1897338: SKBR7; Homo sapiens; RNA-Seq	9606	Homo sapiens		RNA-Seq	TRANSCRIPTOMIC	cDNA	PAIRED	SRS1094724		SAMN04122344	PRJNA297219	Illumina HiSeq 2000	Illumina HiSeq 2000	ILLUMINA	34716812	2476333138	34716812	3541114824	GSM1897338_r1	SRR2532378.sralite	https://sra-downloadb.be-md.ncbi.nlm.nih.gov/sos5/sra-pub-zq-11/SRR002/532/SRR2532378/SRR2532378.sralite.1	958082601	2021-06-15 04:55:42	06cd3cae15f132e5b58cc69d557b7a21	1	SRA Lite	Primary ETL	1	https://sra-downloadb.be-md.ncbi.nlm.nih.gov/sos5/sra-pub-zq-11/SRR002/532/SRR2532378/SRR2532378.sralite.1	worldwide	anonymous	s3://sra-pub-zq-8/SRR2532378/SRR2532378.sralite.1	s3.us-east-1	aws identity	gs://sra-pub-zq-1/SRR2532378/SRR2532378.noqual.1	gs.US	gcp identity	GSM1897338	breast cancer cell line	SKBR7	breast cancer cell line						
SRR2532379	SRP064259	The Functional Genomic Landscape of Human Breast Cancer Drivers, Vulnerabilities, and Resistance (RNASeq)	SRX1293352	GSM1897339: SUM102; Homo sapiens; RNA-Seq	GSM1897339: SUM102; Homo sapiens; RNA-Seq	9606	Homo sapiens		RNA-Seq	TRANSCRIPTOMIC	cDNA	PAIRED	SRS1094722		SAMN04122345	PRJNA297219	Illumina HiSeq 2000	Illumina HiSeq 2000	ILLUMINA	47544391	3299794512	47544391	4849527882	GSM1897339_r1	SRR2532379.sralite	https://sra-downloadb.be-md.ncbi.nlm.nih.gov/sos5/sra-pub-zq-11/SRR002/532/SRR2532379/SRR2532379.sralite.1	1308386376	2021-06-15 04:57:22	bcaf8040b816dac9684a8ee0b3e8e630	1	SRA Lite	Primary ETL	1	https://sra-downloadb.be-md.ncbi.nlm.nih.gov/sos5/sra-pub-zq-11/SRR002/532/SRR2532379/SRR2532379.sralite.1	worldwide	anonymous	s3://sra-pub-zq-8/SRR2532379/SRR2532379.sralite.1	s3.us-east-1	aws identity	gs://sra-pub-zq-1/SRR2532379/SRR2532379.noqual.1	gs.US	gcp identity	GSM1897339	breast cancer cell line	SUM102	breast cancer cell line						
SRR2532380	SRP064259	The Functional Genomic Landscape of Human Breast Cancer Drivers, Vulnerabilities, and Resistance (RNASeq)	SRX1293353	GSM1897340: SUM1315; Homo sapiens; RNA-Seq	GSM1897340: SUM1315; Homo sapiens; RNA-Seq	9606	Homo sapiens		RNA-Seq	TRANSCRIPTOMIC	cDNA	PAIRED	SRS1094723		SAMN04122346	PRJNA297219	Illumina HiSeq 2000	Illumina HiSeq 2000	ILLUMINA	43515924	3158582200	43515924	4438624248	GSM1897340_r1	SRR2532380.sralite	https://sra-downloadb.be-md.ncbi.nlm.nih.gov/sos5/sra-pub-zq-11/SRR002/532/SRR2532380/SRR2532380.sralite.1	1198084622	2021-06-16 04:08:42	00e39bbdf770b157a8f47daf62f7958a	1	SRA Lite	Primary ETL	1	https://sra-downloadb.be-md.ncbi.nlm.nih.gov/sos5/sra-pub-zq-11/SRR002/532/SRR2532380/SRR2532380.sralite.1	worldwide	anonymous	s3://sra-pub-zq-8/SRR2532380/SRR2532380.sralite.1	s3.us-east-1	aws identity	gs://sra-pub-zq-1/SRR2532380/SRR2532380.noqual.1	gs.US	gcp identity	GSM1897340	breast cancer cell line	SUM1315	breast cancer cell line						
SRR2532381	SRP064259	The Functional Genomic Landscape of Human Breast Cancer Drivers, Vulnerabilities, and Resistance (RNASeq)	SRX1293354	GSM1897341: SUM149; Homo sapiens; RNA-Seq	GSM1897341: SUM149; Homo sapiens; RNA-Seq	9606	Homo sapiens		RNA-Seq	TRANSCRIPTOMIC	cDNA	PAIRED	SRS1094720		SAMN04122347	PRJNA297219	Illumina HiSeq 2000	Illumina HiSeq 2000	ILLUMINA	100534884	7596599184	100534884	10254558168	GSM1897341_r1	SRR2532381.sralite	https://sra-downloadb.be-md.ncbi.nlm.nih.gov/sos5/sra-pub-zq-11/SRR002/532/SRR2532381/SRR2532381.sralite.1	2743639201	2020-06-24 00:27:22	fa71b4a4f52d6832d598c3dc5df5fc88	1	SRA Lite	Primary ETL	1	https://sra-downloadb.be-md.ncbi.nlm.nih.gov/sos5/sra-pub-zq-11/SRR002/532/SRR2532381/SRR2532381.sralite.1	worldwide	anonymous	s3://sra-pub-zq-6/SRR2532381/SRR2532381.sralite.1	s3.us-east-1	aws identity	gs://sra-pub-zq-1/SRR2532381/SRR2532381.zq.1	gs.US	gcp identity	GSM1897341	breast cancer cell line	SUM149	breast cancer cell line						
SRR2532382	SRP064259	The Functional Genomic Landscape of Human Breast Cancer Drivers, Vulnerabilities, and Resistance (RNASeq)	SRX1293355	GSM1897342: SUM159; Homo sapiens; RNA-Seq	GSM1897342: SUM159; Homo sapiens; RNA-Seq	9606	Homo sapiens		RNA-Seq	TRANSCRIPTOMIC	cDNA	PAIRED	SRS1094721		SAMN04122348	PRJNA297219	Illumina HiSeq 2000	Illumina HiSeq 2000	ILLUMINA	95533983	7205209745	95533983	9744466266	GSM1897342_r1	SRR2532382	https://sra-pub-run-odp.s3.amazonaws.com/sra/SRR2532382/SRR2532382	7205211495	2015-09-28 16:37:06	528a08d17b1f3f243982c8045b4ecc7b	1	SRA Normalized	Primary ETL	1	https://sra-downloadb.be-md.ncbi.nlm.nih.gov/sos5/sra-pub-zq-11/SRR002/532/SRR2532382/SRR2532382.sralite.1	worldwide	anonymous	https://sra-pub-run-odp.s3.amazonaws.com/sra/SRR2532382/SRR2532382	worldwide	anonymous	gs://sra-pub-zq-1/SRR2532382/SRR2532382.noqual.1	gs.US	gcp identity	GSM1897342	breast cancer cell line	SUM159	breast cancer cell line						
SRR2532383	SRP064259	The Functional Genomic Landscape of Human Breast Cancer Drivers, Vulnerabilities, and Resistance (RNASeq)	SRX1293356	GSM1897343: SUM185; Homo sapiens; RNA-Seq	GSM1897343: SUM185; Homo sapiens; RNA-Seq	9606	Homo sapiens		RNA-Seq	TRANSCRIPTOMIC	cDNA	PAIRED	SRS1094719		SAMN04122349	PRJNA297219	Illumina HiSeq 2000	Illumina HiSeq 2000	ILLUMINA	40893876	2939447296	40893876	4171175352	GSM1897343_r1	SRR2532383.sralite	https://sra-downloadb.be-md.ncbi.nlm.nih.gov/sos5/sra-pub-zq-11/SRR002/532/SRR2532383/SRR2532383.sralite.1	1126610099	2021-06-15 01:05:09	0aa4e01b448149401768aedd7f9ee007	1	SRA Lite	Primary ETL	1	https://sra-downloadb.be-md.ncbi.nlm.nih.gov/sos5/sra-pub-zq-11/SRR002/532/SRR2532383/SRR2532383.sralite.1	worldwide	anonymous	s3://sra-pub-zq-8/SRR2532383/SRR2532383.sralite.1	s3.us-east-1	aws identity	gs://sra-pub-zq-1/SRR2532383/SRR2532383.noqual.1	gs.US	gcp identity	GSM1897343	breast cancer cell line	SUM185	breast cancer cell line						
SRR2532384	SRP064259	The Functional Genomic Landscape of Human Breast Cancer Drivers, Vulnerabilities, and Resistance (RNASeq)	SRX1293357	GSM1897344: SUM190; Homo sapiens; RNA-Seq	GSM1897344: SUM190; Homo sapiens; RNA-Seq	9606	Homo sapiens		RNA-Seq	TRANSCRIPTOMIC	cDNA	PAIRED	SRS1094717		SAMN04122331	PRJNA297219	Illumina HiSeq 2000	Illumina HiSeq 2000	ILLUMINA	56320107	3924967273	56320107	5744650914	GSM1897344_r1	SRR2532384.sralite	https://sra-downloadb.be-md.ncbi.nlm.nih.gov/sos5/sra-pub-zq-11/SRR002/532/SRR2532384/SRR2532384.sralite.1	1547136017	2020-06-21 11:33:46	ad8d5238c2b46c6c22bad19b362e1670	1	SRA Lite	Primary ETL	1	https://sra-downloadb.be-md.ncbi.nlm.nih.gov/sos5/sra-pub-zq-11/SRR002/532/SRR2532384/SRR2532384.sralite.1	worldwide	anonymous	s3://sra-pub-zq-9/SRR2532384/SRR2532384.sralite.1	s3.us-east-1	aws identity	gs://sra-pub-zq-1/SRR2532384/SRR2532384.zq.1	gs.US	gcp identity	GSM1897344	breast cancer cell line	SUM190	breast cancer cell line						
SRR2532385	SRP064259	The Functional Genomic Landscape of Human Breast Cancer Drivers, Vulnerabilities, and Resistance (RNASeq)	SRX1293358	GSM1897345: SUM225; Homo sapiens; RNA-Seq	GSM1897345: SUM225; Homo sapiens; RNA-Seq	9606	Homo sapiens		RNA-Seq	TRANSCRIPTOMIC	cDNA	PAIRED	SRS1094718		SAMN04122332	PRJNA297219	Illumina HiSeq 2000	Illumina HiSeq 2000	ILLUMINA	56223287	4007216865	56223287	5734775274	GSM1897345_r1	SRR2532385.sralite	https://sra-downloadb.be-md.ncbi.nlm.nih.gov/sos5/sra-pub-zq-11/SRR002/532/SRR2532385/SRR2532385.sralite.1	1543771311	2020-06-22 18:52:05	23b6867a0e57e55abcbbf196daaf41fc	1	SRA Lite	Primary ETL	1	https://sra-downloadb.be-md.ncbi.nlm.nih.gov/sos5/sra-pub-zq-11/SRR002/532/SRR2532385/SRR2532385.sralite.1	worldwide	anonymous	s3://sra-pub-zq-6/SRR2532385/SRR2532385.sralite.1	s3.us-east-1	aws identity	gs://sra-pub-zq-1/SRR2532385/SRR2532385.zq.1	gs.US	gcp identity	GSM1897345	breast cancer cell line	SUM225	breast cancer cell line						
SRR2532386	SRP064259	The Functional Genomic Landscape of Human Breast Cancer Drivers, Vulnerabilities, and Resistance (RNASeq)	SRX1293359	GSM1897346: SUM229; Homo sapiens; RNA-Seq	GSM1897346: SUM229; Homo sapiens; RNA-Seq	9606	Homo sapiens		RNA-Seq	TRANSCRIPTOMIC	cDNA	PAIRED	SRS1094716		SAMN04122333	PRJNA297219	Illumina HiSeq 2000	Illumina HiSeq 2000	ILLUMINA	46910219	3350452623	46910219	4784842338	GSM1897346_r1	SRR2532386.sralite	https://sra-downloadb.be-md.ncbi.nlm.nih.gov/sos5/sra-pub-zq-11/SRR002/532/SRR2532386/SRR2532386.sralite.1	1290482124	2020-06-22 11:48:02	662ba2397ca05edb2a001879e31380b5	1	SRA Lite	Primary ETL	1	https://sra-downloadb.be-md.ncbi.nlm.nih.gov/sos5/sra-pub-zq-11/SRR002/532/SRR2532386/SRR2532386.sralite.1	worldwide	anonymous	s3://sra-pub-zq-2/SRR2532386/SRR2532386.sralite.1	s3.us-east-1	aws identity	gs://sra-pub-zq-1/SRR2532386/SRR2532386.zq.1	gs.US	gcp identity	GSM1897346	breast cancer cell line	SUM229	breast cancer cell line						
SRR2532387	SRP064259	The Functional Genomic Landscape of Human Breast Cancer Drivers, Vulnerabilities, and Resistance (RNASeq)	SRX1293360	GSM1897347: SUM44; Homo sapiens; RNA-Seq	GSM1897347: SUM44; Homo sapiens; RNA-Seq	9606	Homo sapiens		RNA-Seq	TRANSCRIPTOMIC	cDNA	PAIRED	SRS1094715		SAMN04122334	PRJNA297219	Illumina HiSeq 2000	Illumina HiSeq 2000	ILLUMINA	40763107	2947793874	40763107	4157836914	GSM1897347_r1	SRR2532387.sralite	https://sra-downloadb.be-md.ncbi.nlm.nih.gov/sos5/sra-pub-zq-11/SRR002/532/SRR2532387/SRR2532387.sralite.1	1123046396	2020-06-22 11:39:25	755ce7a2b5ecfbdffd371ac222d6edcd	1	SRA Lite	Primary ETL	1	https://sra-downloadb.be-md.ncbi.nlm.nih.gov/sos5/sra-pub-zq-11/SRR002/532/SRR2532387/SRR2532387.sralite.1	worldwide	anonymous	s3://sra-pub-zq-1/SRR2532387/SRR2532387.sralite.1	s3.us-east-1	aws identity	gs://sra-pub-zq-1/SRR2532387/SRR2532387.zq.1	gs.US	gcp identity	GSM1897347	breast cancer cell line	SUM44	breast cancer cell line						
SRR2532388	SRP064259	The Functional Genomic Landscape of Human Breast Cancer Drivers, Vulnerabilities, and Resistance (RNASeq)	SRX1293361	GSM1897348: SUM52; Homo sapiens; RNA-Seq	GSM1897348: SUM52; Homo sapiens; RNA-Seq	9606	Homo sapiens		RNA-Seq	TRANSCRIPTOMIC	cDNA	PAIRED	SRS1094714		SAMN04122335	PRJNA297219	Illumina HiSeq 2000	Illumina HiSeq 2000	ILLUMINA	34581609	2492954394	34581609	3527324118	GSM1897348_r1	SRR2532388.sralite	https://sra-downloadb.be-md.ncbi.nlm.nih.gov/sos5/sra-pub-zq-11/SRR002/532/SRR2532388/SRR2532388.sralite.1	954395368	2020-06-21 11:25:32	0057feff020c4aee9b6aea96975d9a73	1	SRA Lite	Primary ETL	1	https://sra-downloadb.be-md.ncbi.nlm.nih.gov/sos5/sra-pub-zq-11/SRR002/532/SRR2532388/SRR2532388.sralite.1	worldwide	anonymous	s3://sra-pub-zq-9/SRR2532388/SRR2532388.sralite.1	s3.us-east-1	aws identity	gs://sra-pub-zq-1/SRR2532388/SRR2532388.zq.1	gs.US	gcp identity	GSM1897348	breast cancer cell line	SUM52	breast cancer cell line						
SRR2532389	SRP064259	The Functional Genomic Landscape of Human Breast Cancer Drivers, Vulnerabilities, and Resistance (RNASeq)	SRX1293362	GSM1897349: SW527; Homo sapiens; RNA-Seq	GSM1897349: SW527; Homo sapiens; RNA-Seq	9606	Homo sapiens		RNA-Seq	TRANSCRIPTOMIC	cDNA	PAIRED	SRS1094713		SAMN04122336	PRJNA297219	Illumina HiSeq 2000	Illumina HiSeq 2000	ILLUMINA	40693676	2998971488	40693676	4150754952	GSM1897349_r1	SRR2532389.sralite	https://sra-downloadb.be-md.ncbi.nlm.nih.gov/sos5/sra-pub-zq-11/SRR002/532/SRR2532389/SRR2532389.sralite.1	1121058152	2020-06-23 23:53:19	12c565855f32ba53bbe9d05309ffbbe4	1	SRA Lite	Primary ETL	1	https://sra-downloadb.be-md.ncbi.nlm.nih.gov/sos5/sra-pub-zq-11/SRR002/532/SRR2532389/SRR2532389.sralite.1	worldwide	anonymous	s3://sra-pub-zq-6/SRR2532389/SRR2532389.sralite.1	s3.us-east-1	aws identity	gs://sra-pub-zq-1/SRR2532389/SRR2532389.zq.1	gs.US	gcp identity	GSM1897349	breast cancer cell line	SW527	breast cancer cell line						
SRR2532390	SRP064259	The Functional Genomic Landscape of Human Breast Cancer Drivers, Vulnerabilities, and Resistance (RNASeq)	SRX1293363	GSM1897350: T47D; Homo sapiens; RNA-Seq	GSM1897350: T47D; Homo sapiens; RNA-Seq	9606	Homo sapiens		RNA-Seq	TRANSCRIPTOMIC	cDNA	PAIRED	SRS1094712		SAMN04122337	PRJNA297219	Illumina HiSeq 2000	Illumina HiSeq 2000	ILLUMINA	35081205	2588203044	35081205	3578282910	GSM1897350_r1	SRR2532390	https://sra-pub-run-odp.s3.amazonaws.com/sra/SRR2532390/SRR2532390	2588204796	2015-09-28 16:30:40	ea7d49a997d46650e2216136d7c9b2e4	1	SRA Normalized	Primary ETL	1	https://sra-downloadb.be-md.ncbi.nlm.nih.gov/sos5/sra-pub-zq-11/SRR002/532/SRR2532390/SRR2532390.sralite.1	worldwide	anonymous	https://sra-pub-run-odp.s3.amazonaws.com/sra/SRR2532390/SRR2532390	worldwide	anonymous	gs://sra-pub-zq-1/SRR2532390/SRR2532390.noqual.1	gs.US	gcp identity	GSM1897350	breast cancer cell line	T47D	breast cancer cell line						
SRR2532391	SRP064259	The Functional Genomic Landscape of Human Breast Cancer Drivers, Vulnerabilities, and Resistance (RNASeq)	SRX1293364	GSM1897351: UACC3199; Homo sapiens; RNA-Seq	GSM1897351: UACC3199; Homo sapiens; RNA-Seq	9606	Homo sapiens		RNA-Seq	TRANSCRIPTOMIC	cDNA	PAIRED	SRS1094711		SAMN04122338	PRJNA297219	Illumina HiSeq 2000	Illumina HiSeq 2000	ILLUMINA	44111127	3208832692	44111127	4499334954	GSM1897351_r1	SRR2532391	https://sra-pub-run-odp.s3.amazonaws.com/sra/SRR2532391/SRR2532391	3208834439	2015-09-28 16:36:44	060e038c3addf66547081977f2848558	1	SRA Normalized	Primary ETL	1	https://sra-downloadb.be-md.ncbi.nlm.nih.gov/sos5/sra-pub-zq-11/SRR002/532/SRR2532391/SRR2532391.sralite.1	worldwide	anonymous	https://sra-pub-run-odp.s3.amazonaws.com/sra/SRR2532391/SRR2532391	worldwide	anonymous	gs://sra-pub-zq-1/SRR2532391/SRR2532391.zq.1	gs.US	gcp identity	GSM1897351	breast cancer cell line	UACC3199	breast cancer cell line						
SRR2532392	SRP064259	The Functional Genomic Landscape of Human Breast Cancer Drivers, Vulnerabilities, and Resistance (RNASeq)	SRX1293365	GSM1897352: UACC812; Homo sapiens; RNA-Seq	GSM1897352: UACC812; Homo sapiens; RNA-Seq	9606	Homo sapiens		RNA-Seq	TRANSCRIPTOMIC	cDNA	PAIRED	SRS1094710		SAMN04122339	PRJNA297219	Illumina HiSeq 2000	Illumina HiSeq 2000	ILLUMINA	45503495	3300561543	45503495	4641356490	GSM1897352_r1	SRR2532392.sralite	https://sra-downloadb.be-md.ncbi.nlm.nih.gov/sos5/sra-pub-zq-11/SRR002/532/SRR2532392/SRR2532392.sralite.1	1252212267	2021-06-15 08:41:26	912d7e1906f9d2e64392b52beccdbacc	1	SRA Lite	Primary ETL	1	https://sra-downloadb.be-md.ncbi.nlm.nih.gov/sos5/sra-pub-zq-11/SRR002/532/SRR2532392/SRR2532392.sralite.1	worldwide	anonymous	s3://sra-pub-zq-8/SRR2532392/SRR2532392.sralite.1	s3.us-east-1	aws identity	gs://sra-pub-zq-1/SRR2532392/SRR2532392.noqual.1	gs.US	gcp identity	GSM1897352	breast cancer cell line	UACC812	breast cancer cell line						
SRR2532393	SRP064259	The Functional Genomic Landscape of Human Breast Cancer Drivers, Vulnerabilities, and Resistance (RNASeq)	SRX1293366	GSM1897353: UACC893; Homo sapiens; RNA-Seq	GSM1897353: UACC893; Homo sapiens; RNA-Seq	9606	Homo sapiens		RNA-Seq	TRANSCRIPTOMIC	cDNA	PAIRED	SRS1094709		SAMN04122340	PRJNA297219	Illumina HiSeq 2000	Illumina HiSeq 2000	ILLUMINA	37112429	2737833292	37112429	3785467758	GSM1897353_r1	SRR2532393.sralite	https://sra-downloadb.be-md.ncbi.nlm.nih.gov/sos5/sra-pub-zq-11/SRR002/532/SRR2532393/SRR2532393.sralite.1	1023417329	2020-06-21 11:25:51	40d9e3729a8ec8a3dfd909731e19b53f	1	SRA Lite	Primary ETL	1	https://sra-downloadb.be-md.ncbi.nlm.nih.gov/sos5/sra-pub-zq-11/SRR002/532/SRR2532393/SRR2532393.sralite.1	worldwide	anonymous	s3://sra-pub-zq-9/SRR2532393/SRR2532393.sralite.1	s3.us-east-1	aws identity	gs://sra-pub-zq-1/SRR2532393/SRR2532393.zq.1	gs.US	gcp identity	GSM1897353	breast cancer cell line	UACC893	breast cancer cell line						
SRR2532394	SRP064259	The Functional Genomic Landscape of Human Breast Cancer Drivers, Vulnerabilities, and Resistance (RNASeq)	SRX1293367	GSM1897354: ZR751; Homo sapiens; RNA-Seq	GSM1897354: ZR751; Homo sapiens; RNA-Seq	9606	Homo sapiens		RNA-Seq	TRANSCRIPTOMIC	cDNA	PAIRED	SRS1094708		SAMN04122341	PRJNA297219	Illumina HiSeq 2000	Illumina HiSeq 2000	ILLUMINA	48747904	3585441823	48747904	4972286208	GSM1897354_r1	SRR2532394.sralite	https://sra-downloadb.be-md.ncbi.nlm.nih.gov/sos5/sra-pub-zq-11/SRR002/532/SRR2532394/SRR2532394.sralite.1	1340473646	2020-06-22 11:47:22	b7126e3e56704cc31602a7792c3c3100	1	SRA Lite	Primary ETL	1	https://sra-downloadb.be-md.ncbi.nlm.nih.gov/sos5/sra-pub-zq-11/SRR002/532/SRR2532394/SRR2532394.sralite.1	worldwide	anonymous	s3://sra-pub-zq-4/SRR2532394/SRR2532394.sralite.1	s3.us-east-1	aws identity	gs://sra-pub-zq-1/SRR2532394/SRR2532394.zq.1	gs.US	gcp identity	GSM1897354	breast cancer cell line	ZR751	breast cancer cell line						
SRR2532395	SRP064259	The Functional Genomic Landscape of Human Breast Cancer Drivers, Vulnerabilities, and Resistance (RNASeq)	SRX1293368	GSM1897355: ZR7530; Homo sapiens; RNA-Seq	GSM1897355: ZR7530; Homo sapiens; RNA-Seq	9606	Homo sapiens		RNA-Seq	TRANSCRIPTOMIC	cDNA	PAIRED	SRS1094707		SAMN04122342	PRJNA297219	Illumina HiSeq 2000	Illumina HiSeq 2000	ILLUMINA	41052587	2996117970	41052587	4187363874	GSM1897355_r1	SRR2532395.sralite	https://sra-downloadb.be-md.ncbi.nlm.nih.gov/sos5/sra-pub-zq-11/SRR002/532/SRR2532395/SRR2532395.sralite.1	1130924173	2020-06-13 08:55:43	606dc71eeca48f74aaae38bb7e80cb3b	1	SRA Lite	Primary ETL	1	https://sra-downloadb.be-md.ncbi.nlm.nih.gov/sos5/sra-pub-zq-11/SRR002/532/SRR2532395/SRR2532395.sralite.1	worldwide	anonymous	s3://sra-pub-zq-6/SRR2532395/SRR2532395.sralite.1	s3.us-east-1	aws identity	gs://sra-pub-zq-1/SRR2532395/SRR2532395.zq.1	gs.US	gcp identity	GSM1897355	breast cancer cell line	ZR7530	breast cancer cell line						
SRR2532396	SRP064259	The Functional Genomic Landscape of Human Breast Cancer Drivers, Vulnerabilities, and Resistance (RNASeq)	SRX1293369	GSM1897356: ZR75B; Homo sapiens; RNA-Seq	GSM1897356: ZR75B; Homo sapiens; RNA-Seq	9606	Homo sapiens		RNA-Seq	TRANSCRIPTOMIC	cDNA	PAIRED	SRS1094706		SAMN04122343	PRJNA297219	Illumina HiSeq 2000	Illumina HiSeq 2000	ILLUMINA	39761975	2885773785	39761975	4055721450	GSM1897356_r1	ZR75B_72_AGCGAT_L007_R1.fastq.gz	https://sra-pub-run-odp.s3.amazonaws.com/sra/SRR2532396/SRR2532396	1946327649	2020-04-20 18:51:22	db4584fcd900fe89eb0f8e119788b423	1	fastq	Original	0	https://sra-downloadb.be-md.ncbi.nlm.nih.gov/sos5/sra-pub-zq-11/SRR002/532/SRR2532396/SRR2532396.sralite.1	worldwide	anonymous	s3://sra-pub-src-8/SRR2532396/ZR75B_72_AGCGAT_L007_R1.fastq.gz	-	Use Cloud Data Delivery	gs://sra-pub-zq-1/SRR2532396/SRR2532396.zq.1	gs.US	gcp identity	GSM1897356	breast cancer cell line	ZR75B	breast cancer cell line						
